incident_id,vessel_mmsi,vessel_name,vessel_type,signal_type,gap_start_utc,gap_end_utc,gap_hours,last_seen_lat,last_seen_lon,reappear_lat,reappear_lon,gap_midpoint_lat,gap_midpoint_lon
INC-2024-11-18,2614400,,Undefined,ais_blackout,2024-11-17T05:20:32+01:00,2024-11-18T17:48:52+01:00,36.47,54.5397,16.54231,54.5397,16.54231,54.5397,16.54231
INC-2024-11-18,2614400,,Undefined,ais_blackout,2024-11-18T18:08:12+01:00,2024-11-18T23:02:32+01:00,4.91,54.5397,16.54231,54.5397,16.54231,54.5397,16.54231
INC-2024-11-18,2614400,,Undefined,ais_blackout,2024-11-18T23:02:32+01:00,2024-11-19T02:30:12+01:00,3.46,54.5397,16.54231,54.5397,16.54231,54.5397,16.54231
INC-2024-11-18,2614400,,Undefined,ais_blackout,2024-11-19T02:30:12+01:00,2024-11-19T10:42:02+01:00,8.2,54.5397,16.54231,54.5397,16.54231,54.5397,16.54231
INC-2024-11-18,2614700,,Undefined,ais_blackout,2024-11-17T13:01:31+01:00,2024-11-17T16:05:11+01:00,3.06,54.09472,15.06392,54.09472,15.06392,54.09472,15.06392
INC-2024-11-18,2614700,,Undefined,ais_blackout,2024-11-17T16:05:11+01:00,2024-11-18T15:49:41+01:00,23.74,54.09472,15.06392,54.09472,15.06392,54.09472,15.06392
INC-2024-11-18,2614700,,Undefined,ais_blackout,2024-11-18T16:07:51+01:00,2024-11-18T18:42:51+01:00,2.58,54.09472,15.06392,54.09472,15.06392,54.09472,15.06392
INC-2024-11-18,2614700,,Undefined,ais_blackout,2024-11-18T18:42:51+01:00,2024-11-19T11:16:31+01:00,16.56,54.09472,15.06392,54.09472,15.06392,54.09472,15.06392
INC-2024-11-18,111265120,FFK STC 120,Undefined,ais_dark_approach,,,,55.98909,15.79404,55.98909,15.79404,55.98909,15.79404
INC-2024-11-18,209056000,NORDIC PORTO,Cargo,ais_dark_approach,,,,54.64351,15.00111,54.64351,15.00111,54.64351,15.00111
INC-2024-11-18,209731000,DELAMAR,Cargo,ais_dark_approach,,,,55.86626,15.8652,55.86626,15.8652,55.86626,15.8652
INC-2024-11-18,209764000,MARCO POLO,Passenger,ais_blackout,2024-11-16T08:27:46+01:00,2024-11-17T12:37:47+01:00,28.17,54.92386,15.00021,54.93146,15.00039,54.92766,15.0003
INC-2024-11-18,209764000,MARCO POLO,Passenger,ais_blackout,2024-11-17T15:12:17+01:00,2024-11-19T06:18:08+01:00,39.1,55.08666,16.24931,55.88556,16.12377,55.48611,16.18654
INC-2024-11-18,209764000,MARCO POLO,Passenger,ais_blackout,2024-11-19T08:04:15+01:00,2024-11-19T21:31:04+01:00,13.45,55.99994,15.27392,55.9999,15.2506,55.99992,15.26226
INC-2024-11-18,210223000,MV MANUELA S,Cargo,ais_dark_approach,,,,55.86677,15.89847,55.86677,15.89847,55.86677,15.89847
INC-2024-11-18,210332000,GERDA,Cargo,ais_dark_approach,,,,55.50635,15.00073,55.50635,15.00073,55.50635,15.00073
INC-2024-11-18,210362000,SANTIAGO I,Tanker,ais_dark_approach,,,,55.4777,15.00027,55.4777,15.00027,55.4777,15.00027
INC-2024-11-18,210388000,LAUNKALNE,Cargo,ais_blackout,2024-11-17T07:15:47+01:00,2024-11-17T13:25:03+01:00,6.15,55.76485,15.55541,55.96698,16.24903,55.86592,15.90222
INC-2024-11-18,210388000,LAUNKALNE,Cargo,ais_blackout,2024-11-17T13:43:33+01:00,2024-11-17T23:26:32+01:00,9.72,55.96698,16.24903,55.57711,15.04013,55.77204,15.64458
INC-2024-11-18,210388000,LAUNKALNE,Cargo,ais_blackout,2024-11-17T23:27:09+01:00,2024-11-18T03:39:21+01:00,4.2,55.57711,15.04013,55.69634,15.71806,55.63672,15.3791
INC-2024-11-18,210388000,LAUNKALNE,Cargo,ais_blackout,2024-11-18T03:39:21+01:00,2024-11-19T03:43:00+01:00,24.06,55.69634,15.71806,55.64921,15.4874,55.67277,15.60273
INC-2024-11-18,210388000,LAUNKALNE,Cargo,ais_blackout,2024-11-19T03:45:00+01:00,2024-11-19T08:23:52+01:00,4.65,55.64921,15.4874,55.61569,15.16188,55.63245,15.32464
INC-2024-11-18,210504000,HELME,Cargo,ais_dark_approach,,,,55.51338,15.00058,55.51338,15.00058,55.51338,15.00058
INC-2024-11-18,210731000,MSC ELKE F,Cargo,ais_dark_approach,,,,55.49328,15.00058,55.49328,15.00058,55.49328,15.00058
INC-2024-11-18,210855000,KEY OCEAN,Tanker,ais_dark_approach,,,,55.48257,15.0001,55.48257,15.0001,55.48257,15.0001
INC-2024-11-18,211286440,HANNI,Cargo,ais_blackout,2024-11-16T12:00:51+01:00,2024-11-18T12:25:37+01:00,48.41,54.76263,16.38989,55.50089,16.24051,55.13176,16.3152
INC-2024-11-18,211870240,NOVA,Cargo,ais_dark_approach,,,,54.63986,15.00069,54.63986,15.00069,54.63986,15.00069
INC-2024-11-18,211870240,NOVA,Cargo,ais_blackout,2024-11-17T14:36:03+01:00,2024-11-19T05:31:48+01:00,38.93,54.76116,16.35562,55.21246,16.25658,54.98681,16.3061
INC-2024-11-18,212255000,BJOERNOE,Cargo,ais_dark_approach,,,,55.82014,15.71594,55.82014,15.71594,55.82014,15.71594
INC-2024-11-18,212662000,PERNILLE,Cargo,ais_dark_approach,,,,55.84234,15.83602,55.84234,15.83602,55.84234,15.83602
INC-2024-11-18,212856000,ALMA,Cargo,ais_dark_approach,,,,55.68446,16.14997,55.68446,16.14997,55.68446,16.14997
INC-2024-11-18,218055220,UTE BRAREN,Cargo,ais_dark_approach,,,,55.80219,15.69338,55.80219,15.69338,55.80219,15.69338
INC-2024-11-18,218601000,ELISABETH M. BORGESE,Other,ais_dark_approach,,,,55.96223,15.64305,55.96223,15.64305,55.96223,15.64305
INC-2024-11-18,218601000,ELISABETH M. BORGESE,Other,ais_blackout,2024-11-18T22:45:14+01:00,2024-11-19T02:43:24+01:00,3.97,55.82577,15.00027,55.29582,15.00002,55.5608,15.00014
INC-2024-11-18,218795000,ROBIN HOOD,Passenger,ais_blackout,2024-11-17T00:47:20+01:00,2024-11-18T04:32:21+01:00,27.75,55.88645,16.20344,55.90154,15.94551,55.89399,16.07448
INC-2024-11-18,218795000,ROBIN HOOD,Passenger,ais_blackout,2024-11-18T05:50:45+01:00,2024-11-18T21:22:38+01:00,15.53,55.99799,15.31913,55.99995,15.30935,55.99897,15.31424
INC-2024-11-18,218795000,ROBIN HOOD,Passenger,ais_blackout,2024-11-18T22:49:55+01:00,2024-11-20T04:43:47+01:00,29.9,55.90138,15.99954,55.89314,16.08907,55.89726,16.04431
INC-2024-11-18,218856000,ANOUK,Cargo,ais_dark_approach,,,,55.80129,15.6627,55.80129,15.6627,55.80129,15.6627
INC-2024-11-18,219002418,PETER,Passenger,ais_blackout,2024-11-15T14:01:25+01:00,2024-11-18T10:44:34+01:00,68.72,55.22848,15.00029,55.22808,15.0005,55.22828,15.0004
INC-2024-11-18,219002418,PETER,Passenger,ais_blackout,2024-11-18T13:57:15+01:00,2024-11-19T10:12:05+01:00,20.25,55.23259,15.00017,55.23053,15.0003,55.23156,15.00024
INC-2024-11-18,219014244,TITRO,Undefined,ais_blackout,2024-11-15T14:45:01+01:00,2024-11-17T10:52:52+01:00,44.13,55.06257,15.13475,55.06256,15.13473,55.06256,15.13474
INC-2024-11-18,219014244,TITRO,Undefined,ais_blackout,2024-11-17T11:15:52+01:00,2024-11-19T10:42:41+01:00,47.45,55.06257,15.13477,55.06257,15.13472,55.06257,15.13474
INC-2024-11-18,219016547,ELEPHANTEN,Passenger,ais_blackout,2024-11-17T08:13:33+01:00,2024-11-18T00:08:41+01:00,15.92,55.06258,15.13561,55.05812,15.1357,55.06035,15.13565
INC-2024-11-18,219016547,ELEPHANTEN,Passenger,ais_blackout,2024-11-18T11:29:32+01:00,2024-11-19T00:19:25+01:00,12.83,55.05814,15.13577,55.05811,15.13576,55.05813,15.13577
INC-2024-11-18,219016547,ELEPHANTEN,Passenger,ais_blackout,2024-11-19T07:50:21+01:00,2024-11-19T10:02:43+01:00,2.21,55.05819,15.13578,55.05819,15.13578,55.05819,15.13578
INC-2024-11-18,219017151,SIMA,Other,ais_dark_approach,,,,55.48877,15.00045,55.48877,15.00045,55.48877,15.00045
INC-2024-11-18,219021615,RIB-KRST 850 001/16,SAR,ais_blackout,2024-11-17T07:02:46+01:00,2024-11-17T16:13:34+01:00,9.18,55.24756,15.1739,55.27627,15.17125,55.26191,15.17257
INC-2024-11-18,219021615,RIB-KRST 850 001/16,SAR,ais_blackout,2024-11-17T16:35:34+01:00,2024-11-20T09:30:03+01:00,64.91,55.32009,15.18523,55.31997,15.18518,55.32003,15.1852
INC-2024-11-18,219023449,R9 DITTE,Fishing,ais_dark_approach,,,,55.05872,15.13752,55.05872,15.13752,55.05872,15.13752
INC-2024-11-18,219028076,,Undefined,ais_dark_approach,,,,55.05854,15.13252,55.05854,15.13252,55.05854,15.13252
INC-2024-11-18,219028115,LUNA SEAWAYS,Passenger,ais_blackout,2024-11-17T00:48:58+01:00,2024-11-18T03:50:15+01:00,27.02,55.8914,16.28121,55.89773,16.03915,55.89456,16.16018
INC-2024-11-18,219028115,LUNA SEAWAYS,Passenger,ais_blackout,2024-11-18T05:13:45+01:00,2024-11-18T19:20:11+01:00,14.11,55.99998,15.29967,55.99978,15.30613,55.99988,15.3029
INC-2024-11-18,219028115,LUNA SEAWAYS,Passenger,ais_blackout,2024-11-18T20:44:17+01:00,2024-11-20T05:17:38+01:00,32.56,55.90259,15.9349,55.89942,16.05037,55.90101,15.99264
INC-2024-11-18,219028116,AURA SEAWAYS,Passenger,ais_blackout,2024-11-17T11:06:51+01:00,2024-11-19T04:31:58+01:00,41.42,55.11152,16.408,55.10417,16.35337,55.10784,16.38068
INC-2024-11-18,219028116,AURA SEAWAYS,Passenger,ais_blackout,2024-11-19T06:46:28+01:00,2024-11-20T07:08:19+01:00,24.36,54.93388,15.0005,55.44459,15.0007,55.18923,15.0006
INC-2024-11-18,219030885,STENA ESTELLE,Undefined,ais_blackout,2024-11-16T22:06:38+01:00,2024-11-18T22:15:10+01:00,48.14,55.97295,15.8114,55.90231,15.98708,55.93763,15.89924
INC-2024-11-18,219030885,STENA ESTELLE,Undefined,ais_blackout,2024-11-18T22:15:10+01:00,2024-11-19T21:56:47+01:00,23.69,55.90231,15.98708,55.96642,15.82108,55.93437,15.90408
INC-2024-11-18,219031310,STENA EBBA,Undefined,ais_blackout,2024-11-16T12:04:15+01:00,2024-11-17T22:02:22+01:00,33.97,55.86879,16.10246,55.99749,15.74603,55.93314,15.92425
INC-2024-11-18,219031310,STENA EBBA,Undefined,ais_blackout,2024-11-17T22:07:10+01:00,2024-11-19T10:21:23+01:00,36.24,55.98667,15.77399,55.89517,15.97601,55.94092,15.875
INC-2024-11-18,219031336,NORDWIND,Pleasure,ais_blackout,2024-11-17T09:52:21+01:00,2024-11-17T12:58:21+01:00,3.1,55.06102,15.07583,55.06102,15.07583,55.06102,15.07583
INC-2024-11-18,219031336,NORDWIND,Pleasure,ais_blackout,2024-11-18T01:47:51+01:00,2024-11-18T04:53:17+01:00,3.09,55.06101,15.07578,55.06101,15.07578,55.06101,15.07578
INC-2024-11-18,219031487,STENA LIVIA,Passenger,ais_blackout,2024-11-16T16:52:35+01:00,2024-11-17T18:31:47+01:00,25.65,55.67163,16.29979,55.72252,16.11196,55.69707,16.20588
INC-2024-11-18,219031487,STENA LIVIA,Passenger,ais_blackout,2024-11-17T20:39:42+01:00,2024-11-19T02:05:15+01:00,29.43,55.54376,15.00056,55.44099,15.00057,55.49237,15.00057
INC-2024-11-18,219031487,STENA LIVIA,Passenger,ais_blackout,2024-11-19T04:26:09+01:00,2024-11-20T03:36:37+01:00,23.17,55.66829,16.28637,55.71017,16.07587,55.68923,16.18112
INC-2024-11-18,219031605,STENA SPIRIT,Undefined,ais_blackout,2024-11-17T07:40:55+01:00,2024-11-17T11:25:53+01:00,3.75,55.99946,15.74257,55.93868,15.65155,55.96907,15.69706
INC-2024-11-18,219031605,STENA SPIRIT,Undefined,ais_blackout,2024-11-17T13:05:39+01:00,2024-11-18T06:34:53+01:00,17.49,55.66354,16.27551,55.80204,16.27174,55.73279,16.27362
INC-2024-11-18,219031605,STENA SPIRIT,Undefined,ais_blackout,2024-11-18T07:58:29+01:00,2024-11-19T08:39:52+01:00,24.69,55.99904,15.746,55.79747,16.24648,55.89825,15.99624
INC-2024-11-18,219031814,LIVA BILLE,Pleasure,ais_blackout,2024-11-18T06:10:15+01:00,2024-11-18T08:51:36+01:00,2.69,55.06271,15.13646,55.06269,15.13645,55.0627,15.13646
INC-2024-11-18,219031814,LIVA BILLE,Pleasure,ais_blackout,2024-11-18T11:38:21+01:00,2024-11-18T17:19:13+01:00,5.68,55.06271,15.13648,55.06271,15.13648,55.06271,15.13648
INC-2024-11-18,219031814,LIVA BILLE,Pleasure,ais_blackout,2024-11-18T19:24:47+01:00,2024-11-19T00:05:23+01:00,4.68,55.06271,15.13646,55.0627,15.13647,55.06271,15.13646
INC-2024-11-18,219031814,LIVA BILLE,Pleasure,ais_blackout,2024-11-19T02:22:02+01:00,2024-11-19T10:38:31+01:00,8.27,55.06268,15.13647,55.06271,15.13644,55.0627,15.13645
INC-2024-11-18,219309000,GIJON KNUTSEN,Tanker,ais_dark_approach,,,,55.45854,15.00088,55.45854,15.00088,55.45854,15.00088
INC-2024-11-18,219309000,GIJON KNUTSEN,Tanker,ais_blackout,2024-11-19T00:26:04+01:00,2024-11-21T00:22:47+01:00,47.95,55.32165,16.3197,55.33298,16.44587,55.32732,16.38278
INC-2024-11-18,219384000,DANA,Other,ais_blackout,2024-11-17T14:33:59+01:00,2024-11-19T04:02:35+01:00,37.48,55.28813,15.96461,55.59348,15.67004,55.44081,15.81732
INC-2024-11-18,219560000,STENA FLAVIA,Passenger,ais_blackout,2024-11-16T08:48:55+01:00,2024-11-17T10:27:57+01:00,25.65,55.54487,15.00056,55.43381,15.00047,55.48934,15.00051
INC-2024-11-18,219560000,STENA FLAVIA,Passenger,ais_blackout,2024-11-17T13:12:46+01:00,2024-11-18T22:38:34+01:00,33.43,55.69015,16.36799,55.73821,16.08944,55.71418,16.22871
INC-2024-11-18,219560000,STENA FLAVIA,Passenger,ais_blackout,2024-11-19T00:35:46+01:00,2024-11-20T13:41:47+01:00,37.1,55.53949,15.00055,55.45486,15.00017,55.49717,15.00036
INC-2024-11-18,219850000,JOULIUS,Undefined,ais_dark_approach,,,,55.49343,15.00013,55.49343,15.00013,55.49343,15.00013
INC-2024-11-18,220189000,HDMS ABSALON,Military,ais_dark_approach,,,,54.94486,15.00007,54.94486,15.00007,54.94486,15.00007
INC-2024-11-18,220648000,KARINA THERESA,Tanker,ais_dark_approach,,,,55.49853,15.0004,55.49853,15.0004,55.49853,15.0004
INC-2024-11-18,220648000,KARINA THERESA,Tanker,ais_blackout,2024-11-18T03:28:20+01:00,2024-11-19T03:28:28+01:00,24.0,55.78157,15.92422,55.96736,16.04677,55.87446,15.98549
INC-2024-11-18,220648000,KARINA THERESA,Tanker,ais_blackout,2024-11-19T07:05:58+01:00,2024-11-20T17:24:23+01:00,34.31,55.90282,15.00049,55.76482,15.00061,55.83382,15.00055
INC-2024-11-18,229246000,KRISTEL,Cargo,ais_dark_approach,,,,55.86897,15.91451,55.86897,15.91451,55.86897,15.91451
INC-2024-11-18,229630000,X-PRESS MULHACEN,Cargo,ais_dark_approach,,,,55.90154,16.0214,55.90154,16.0214,55.90154,16.0214
INC-2024-11-18,230352000,MARJATTA,Cargo,ais_dark_approach,,,,55.48865,15.00018,55.48865,15.00018,55.48865,15.00018
INC-2024-11-18,230617000,FINNBREEZE,Cargo,ais_blackout,2024-11-17T08:14:56+01:00,2024-11-19T05:21:19+01:00,45.11,55.80315,16.07668,55.97284,16.16944,55.888,16.12306
INC-2024-11-18,230617000,FINNBREEZE,Cargo,ais_blackout,2024-11-19T07:46:16+01:00,2024-11-20T07:21:32+01:00,23.59,55.59891,15.00057,55.4855,15.00084,55.54221,15.00071
INC-2024-11-18,230643000,FINNPULP,Cargo,ais_blackout,2024-11-17T08:19:08+01:00,2024-11-18T08:43:30+01:00,24.41,55.55651,15.00086,55.48498,15.00064,55.52075,15.00075
INC-2024-11-18,230643000,FINNPULP,Cargo,ais_blackout,2024-11-18T10:56:36+01:00,2024-11-20T06:04:42+01:00,43.13,55.8488,16.09783,55.89276,16.03073,55.87078,16.06428
INC-2024-11-18,230707000,HALTI,Tanker,ais_dark_approach,,,,55.50957,15.00009,55.50957,15.00009,55.50957,15.00009
INC-2024-11-18,230916000,TALI,Cargo,ais_dark_approach,,,,55.87724,15.9043,55.87724,15.9043,55.87724,15.9043
INC-2024-11-18,230981000,FINNSTAR,Passenger,ais_blackout,2024-11-15T13:04:04+01:00,2024-11-17T11:05:49+01:00,46.03,55.94088,16.35798,55.88474,16.04005,55.91281,16.19902
INC-2024-11-18,230981000,FINNSTAR,Passenger,ais_blackout,2024-11-17T12:58:50+01:00,2024-11-18T10:49:52+01:00,21.85,55.54775,15.00056,55.51359,15.00013,55.53067,15.00035
INC-2024-11-18,230981000,FINNSTAR,Passenger,ais_blackout,2024-11-18T12:47:16+01:00,2024-11-20T09:42:11+01:00,44.92,55.84884,16.04123,55.83234,15.89574,55.84059,15.96849
INC-2024-11-18,230982000,FINNMAID,Passenger,ais_blackout,2024-11-16T11:18:18+01:00,2024-11-17T11:21:12+01:00,24.05,55.56669,15.00069,55.52275,15.00066,55.54472,15.00068
INC-2024-11-18,230982000,FINNMAID,Passenger,ais_blackout,2024-11-17T13:06:23+01:00,2024-11-19T09:35:47+01:00,44.49,55.82016,15.97301,55.8878,15.9399,55.85398,15.95646
INC-2024-11-18,230987000,FINNLADY,Passenger,ais_blackout,2024-11-16T13:00:37+01:00,2024-11-18T09:11:00+01:00,44.17,55.77564,16.01013,55.89421,15.9571,55.83492,15.98361
INC-2024-11-18,230987000,FINNLADY,Passenger,ais_blackout,2024-11-18T11:10:00+01:00,2024-11-19T11:16:28+01:00,24.11,55.54273,15.00039,55.49494,15.00078,55.51884,15.00058
INC-2024-11-18,231897000,LIDAN,Cargo,ais_dark_approach,,,,55.89235,15.9659,55.89235,15.9659,55.89235,15.9659
INC-2024-11-18,232005533,VELOX,Cargo,ais_dark_approach,,,,55.51641,15.00023,55.51641,15.00023,55.51641,15.00023
INC-2024-11-18,232031869,CELTIC RAIDER,Cargo,ais_dark_approach,,,,55.51643,15.00067,55.51643,15.00067,55.51643,15.00067
INC-2024-11-18,232033027,CELTIC AMBASSADOR,Cargo,ais_dark_approach,,,,55.50128,15.00004,55.50128,15.00004,55.50128,15.00004
INC-2024-11-18,232052663,AFRICAN DRAGON,Cargo,ais_dark_approach,,,,55.76282,16.10516,55.76282,16.10516,55.76282,16.10516
INC-2024-11-18,244110823,LADY HANNEKE,Cargo,ais_dark_approach,,,,55.81305,15.75286,55.81305,15.75286,55.81305,15.75286
INC-2024-11-18,244130641,RUYTER,Cargo,ais_dark_approach,,,,55.49018,15.00041,55.49018,15.00041,55.49018,15.00041
INC-2024-11-18,244201000,NORDICA,Cargo,ais_dark_approach,,,,55.47194,15.00009,55.47194,15.00009,55.47194,15.00009
INC-2024-11-18,244340000,WESERBORG,Cargo,ais_dark_approach,,,,55.7994,15.71278,55.7994,15.71278,55.7994,15.71278
INC-2024-11-18,244519000,GENCA,Cargo,ais_blackout,2024-11-15T11:22:07+01:00,2024-11-17T14:58:02+01:00,51.6,55.98139,16.5205,55.89617,15.9345,55.93878,16.2275
INC-2024-11-18,244519000,GENCA,Cargo,ais_blackout,2024-11-17T17:54:53+01:00,2024-11-20T09:34:52+01:00,63.67,55.5696,15.00022,55.50408,15.00069,55.53684,15.00045
INC-2024-11-18,244569000,CORAL EVOLUTION,Tanker,ais_dark_approach,,,,55.49514,15.00016,55.49514,15.00016,55.49514,15.00016
INC-2024-11-18,244575000,MAASBORG,Cargo,ais_dark_approach,,,,55.82837,15.80335,55.82837,15.80335,55.82837,15.80335
INC-2024-11-18,244703000,NOORDBORG,Cargo,ais_dark_approach,,,,55.88233,15.93087,55.88233,15.93087,55.88233,15.93087
INC-2024-11-18,244780000,LADY DIANA,Cargo,ais_dark_approach,,,,55.49522,15.0,55.49522,15.0,55.49522,15.0
INC-2024-11-18,244830834,ZIJLBORG,Cargo,ais_dark_approach,,,,55.49695,15.00065,55.49695,15.00065,55.49695,15.00065
INC-2024-11-18,244855000,VIKINGBANK,Cargo,ais_dark_approach,,,,55.49042,15.00043,55.49042,15.00043,55.49042,15.00043
INC-2024-11-18,244912000,TRICA,Cargo,ais_dark_approach,,,,55.50727,15.00018,55.50727,15.00018,55.50727,15.00018
INC-2024-11-18,245302000,LADY HABARKA,Cargo,ais_dark_approach,,,,55.50436,15.0003,55.50436,15.0003,55.50436,15.0003
INC-2024-11-18,245313000,THUN RESOURCE,Tanker,ais_dark_approach,,,,55.49513,15.00016,55.49513,15.00016,55.49513,15.00016
INC-2024-11-18,245315000,MOEZELBORG,Cargo,ais_dark_approach,,,,55.90777,15.98391,55.90777,15.98391,55.90777,15.98391
INC-2024-11-18,245656000,BOTHNIABORG,Cargo,ais_dark_approach,,,,55.50365,15.00058,55.50365,15.00058,55.50365,15.00058
INC-2024-11-18,245943000,GEULBORG,Cargo,ais_dark_approach,,,,55.8297,15.78828,55.8297,15.78828,55.8297,15.78828
INC-2024-11-18,246000000,BORE WIND,Cargo,ais_blackout,2024-11-17T22:14:47+01:00,2024-11-20T12:39:28+01:00,62.41,55.56532,15.00027,55.49721,15.00044,55.53126,15.00035
INC-2024-11-18,246278000,BORE WAVE,Cargo,ais_dark_approach,,,,55.66401,16.1884,55.66401,16.1884,55.66401,16.1884
INC-2024-11-18,246541000,THUN GAZELLE,Tanker,ais_dark_approach,,,,55.5067,15.00034,55.5067,15.00034,55.5067,15.00034
INC-2024-11-18,246541000,THUN GAZELLE,Tanker,ais_blackout,2024-11-17T18:36:22+01:00,2024-11-20T18:03:54+01:00,71.46,55.78339,15.92174,55.83117,15.8127,55.80728,15.86722
INC-2024-11-18,247386800,ML FREYJA,Cargo,ais_dark_approach,,,,55.48522,15.00053,55.48522,15.00053,55.48522,15.00053
INC-2024-11-18,248221000,KEY SOUTH,Tanker,ais_dark_approach,,,,55.49853,15.00089,55.49853,15.00089,55.49853,15.00089
INC-2024-11-18,248615000,KLARIKA,Undefined,ais_dark_approach,,,,54.54833,15.00082,54.54833,15.00082,54.54833,15.00082
INC-2024-11-18,248620000,AQUARAMA,Tanker,ais_dark_approach,,,,55.48147,15.00003,55.48147,15.00003,55.48147,15.00003
INC-2024-11-18,248971000,KLARA,Cargo,ais_dark_approach,,,,55.8185,15.75677,55.8185,15.75677,55.8185,15.75677
INC-2024-11-18,248971000,KLARA,Cargo,ais_blackout,2024-11-19T05:32:27+01:00,2024-11-20T20:28:57+01:00,38.94,55.57841,15.0002,55.59818,15.01311,55.58829,15.00665
INC-2024-11-18,249637000,TZAREVNA,Cargo,ais_dark_approach,,,,55.49178,15.00059,55.49178,15.00059,55.49178,15.00059
INC-2024-11-18,249803000,NIKE,Tanker,ais_dark_approach,,,,55.87748,15.00004,55.87748,15.00004,55.87748,15.00004
INC-2024-11-18,253377000,FAROMAR,Cargo,ais_dark_approach,,,,55.89877,15.93749,55.89877,15.93749,55.89877,15.93749
INC-2024-11-18,253383000,ROCAMAR,Cargo,ais_dark_approach,,,,55.48901,15.00015,55.48901,15.00015,55.48901,15.00015
INC-2024-11-18,255802870,FL STOROE,Cargo,ais_dark_approach,,,,55.49947,15.00025,55.49947,15.00025,55.49947,15.00025
INC-2024-11-18,255803470,MSC HOUSTON V,Cargo,ais_dark_approach,,,,55.48759,15.00042,55.48759,15.00042,55.48759,15.00042
INC-2024-11-18,255805860,RUBINA,Cargo,ais_dark_approach,,,,55.86004,15.92802,55.86004,15.92802,55.86004,15.92802
INC-2024-11-18,255805881,NAVITA,Cargo,ais_dark_approach,,,,55.9159,16.06004,55.9159,16.06004,55.9159,16.06004
INC-2024-11-18,255805887,SOMMEN,Cargo,ais_dark_approach,,,,55.49501,15.00077,55.49501,15.00077,55.49501,15.00077
INC-2024-11-18,255805980,RIX PARTNER,Other,ais_dark_approach,,,,55.51734,15.00017,55.51734,15.00017,55.51734,15.00017
INC-2024-11-18,255806060,JOHN AUGUSTUS ESSBER,Tanker,ais_dark_approach,,,,55.42574,15.00066,55.42574,15.00066,55.42574,15.00066
INC-2024-11-18,255806151,GISELA ESSBERGER,Tanker,ais_dark_approach,,,,55.85495,15.84407,55.85495,15.84407,55.85495,15.84407
INC-2024-11-18,255806257,VALENTINA,Cargo,ais_dark_approach,,,,55.86757,15.96824,55.86757,15.96824,55.86757,15.96824
INC-2024-11-18,255806300,ENERGY,Cargo,ais_blackout,2024-11-16T03:49:09+01:00,2024-11-18T17:06:18+01:00,61.29,54.71731,15.7826,55.60817,16.31602,55.16274,16.04931
INC-2024-11-18,255806352,JSP ROVER,Cargo,ais_dark_approach,,,,55.5047,15.00019,55.5047,15.00019,55.5047,15.00019
INC-2024-11-18,255806390,BUGOE,Cargo,ais_dark_approach,,,,55.49124,15.00074,55.49124,15.00074,55.49124,15.00074
INC-2024-11-18,255806433,VESTVIND,Cargo,ais_dark_approach,,,,55.87172,15.92695,55.87172,15.92695,55.87172,15.92695
INC-2024-11-18,255806443,REIDERDIJK,Cargo,ais_dark_approach,,,,54.346,15.12884,54.346,15.12884,54.346,15.12884
INC-2024-11-18,255806476,SKALAR,Cargo,ais_dark_approach,,,,54.64257,15.00172,54.64257,15.00172,54.64257,15.00172
INC-2024-11-18,255815000,HAFNIA SEA,Cargo,ais_blackout,2024-11-16T18:40:10+01:00,2024-11-18T02:02:22+01:00,31.37,55.61933,15.00032,55.48711,15.00076,55.55322,15.00054
INC-2024-11-18,255815000,HAFNIA SEA,Cargo,ais_blackout,2024-11-18T05:06:36+01:00,2024-11-20T16:53:27+01:00,59.78,55.84959,16.09885,55.88448,15.94273,55.86704,16.02079
INC-2024-11-18,255891000,JOHN T. ESSBERGER,Tanker,ais_dark_approach,,,,55.50222,15.00071,55.50222,15.00071,55.50222,15.00071
INC-2024-11-18,255909640,WILSON FLEX II,Cargo,ais_dark_approach,,,,54.64477,15.00006,54.64477,15.00006,54.64477,15.00006
INC-2024-11-18,255915599,ECO TRUST,Cargo,ais_dark_approach,,,,55.88057,15.94918,55.88057,15.94918,55.88057,15.94918
INC-2024-11-18,255915626,SAAREMAA,Cargo,ais_dark_approach,,,,55.49294,15.00049,55.49294,15.00049,55.49294,15.00049
INC-2024-11-18,255915667,ELBINSEL,Cargo,ais_dark_approach,,,,54.64535,15.00008,54.64535,15.00008,54.64535,15.00008
INC-2024-11-18,255915667,ELBINSEL,Cargo,ais_blackout,2024-11-17T12:22:58+01:00,2024-11-20T02:14:18+01:00,61.86,54.78366,16.6062,55.56463,16.5712,55.17415,16.5887
INC-2024-11-18,257084120,VIKSTRAUM,Tanker,ais_dark_approach,,,,55.80836,15.61508,55.80836,15.61508,55.80836,15.61508
INC-2024-11-18,257409000,FINNSTRAUM,Tanker,ais_dark_approach,,,,55.508,15.00065,55.508,15.00065,55.508,15.00065
INC-2024-11-18,257689000,LINK POLARIS,Cargo,ais_dark_approach,,,,54.27708,15.00149,54.27708,15.00149,54.27708,15.00149
INC-2024-11-18,257737000,ICE,Cargo,ais_dark_approach,,,,55.39876,15.00031,55.39876,15.00031,55.39876,15.00031
INC-2024-11-18,257859000,SILVER COPENHAGEN,Cargo,ais_dark_approach,,,,55.86377,16.13458,55.86377,16.13458,55.86377,16.13458
INC-2024-11-18,257935000,SELVAAGSUND,Undefined,ais_dark_approach,,,,54.51452,15.00013,54.51452,15.00013,54.51452,15.00013
INC-2024-11-18,258059000,HAGLAND PIONEER,Cargo,ais_blackout,2024-11-16T03:49:07+01:00,2024-11-18T03:32:23+01:00,47.72,54.83372,16.94008,55.52565,16.20428,55.17969,16.57218
INC-2024-11-18,258737000,SIEM SYMPHONY,Other,ais_dark_approach,,,,54.88542,15.00001,54.88542,15.00001,54.88542,15.00001
INC-2024-11-18,259038000,FRI LIEPAJA,Cargo,ais_dark_approach,,,,54.6399,15.0002,54.6399,15.0002,54.6399,15.0002
INC-2024-11-18,259319000,BERGSTRAUM,Tanker,ais_dark_approach,,,,55.50457,15.00057,55.50457,15.00057,55.50457,15.00057
INC-2024-11-18,261000205,TARZAN,Cargo,ais_dark_approach,,,,55.47725,15.0006,55.47725,15.0006,55.47725,15.0006
INC-2024-11-18,265022000,BOTNIA ENABLER,Cargo,ais_dark_approach,,,,55.50161,15.00032,55.50161,15.00032,55.50161,15.00032
INC-2024-11-18,265039000,BALTIC ENABLER,Cargo,ais_dark_approach,,,,55.90208,15.98629,55.90208,15.98629,55.90208,15.98629
INC-2024-11-18,265054000,IDUN,Other,ais_dark_approach,,,,55.92828,15.78092,55.92828,15.78092,55.92828,15.78092
INC-2024-11-18,265056000,BRISEN,Tanker,ais_dark_approach,,,,55.49778,15.00017,55.49778,15.00017,55.49778,15.00017
INC-2024-11-18,265411000,SCA OBBOLA,Cargo,ais_blackout,2024-11-16T18:13:38+01:00,2024-11-18T03:07:10+01:00,32.89,55.55721,15.00005,55.52322,15.0002,55.54021,15.00012
INC-2024-11-18,266232000,TAVASTLAND,Cargo,ais_dark_approach,,,,55.84776,15.88711,55.84776,15.88711,55.84776,15.88711
INC-2024-11-18,266232000,TAVASTLAND,Cargo,ais_blackout,2024-11-17T14:03:51+01:00,2024-11-20T08:38:11+01:00,66.57,55.56281,15.00001,55.4922,15.00037,55.52751,15.00019
INC-2024-11-18,266288000,KBV 003,Law enforcement,ais_dark_approach,,,,55.68273,15.00026,55.68273,15.00026,55.68273,15.00026
INC-2024-11-18,271042197,FORTUNE EXPRESS,Cargo,ais_dark_approach,,,,55.75565,16.06584,55.75565,16.06584,55.75565,16.06584
INC-2024-11-18,273256410,VASILY LANOVOY,Tanker,ais_dark_approach,,,,55.73077,15.91224,55.73077,15.91224,55.73077,15.91224
INC-2024-11-18,275513000,BALTIC SAILOR,Cargo,ais_blackout,2024-11-15T19:37:37+01:00,2024-11-17T12:15:05+01:00,40.62,54.26036,15.56568,54.33426,15.2076,54.29731,15.38664
INC-2024-11-18,275539000,TRAVETAL,Cargo,ais_dark_approach,,,,55.78728,15.64578,55.78728,15.64578,55.78728,15.64578
INC-2024-11-18,275546000,DREAMLAND,Cargo,ais_dark_approach,,,,55.90986,16.01515,55.90986,16.01515,55.90986,16.01515
INC-2024-11-18,276016860,SAR-08,Undefined,ais_dark_approach,,,,55.81958,15.71495,55.81958,15.71495,55.81958,15.71495
INC-2024-11-18,277399000,BOTNIA SEAWAYS,Cargo,ais_blackout,2024-11-17T04:11:12+01:00,2024-11-18T09:24:03+01:00,29.21,55.43324,16.27966,55.48369,16.42871,55.45846,16.35418
INC-2024-11-18,277399000,BOTNIA SEAWAYS,Cargo,ais_blackout,2024-11-18T12:29:22+01:00,2024-11-20T12:02:29+01:00,47.55,55.45326,15.00034,55.39828,15.00045,55.42577,15.0004
INC-2024-11-18,277408000,VICTORIA SEAWAYS,Passenger,ais_blackout,2024-11-17T09:55:57+01:00,2024-11-19T04:49:07+01:00,42.89,54.95399,15.00031,54.95392,15.0003,54.95396,15.0003
INC-2024-11-18,277408000,VICTORIA SEAWAYS,Passenger,ais_blackout,2024-11-19T06:39:01+01:00,2024-11-20T04:14:18+01:00,21.59,55.08649,16.08698,55.10626,16.23587,55.09637,16.16142
INC-2024-11-18,277466000,REGINA SEAWAYS,Passenger,ais_blackout,2024-11-17T08:07:07+01:00,2024-11-17T18:00:17+01:00,9.89,55.99677,15.20813,55.99946,15.08701,55.99812,15.14757
INC-2024-11-18,277466000,REGINA SEAWAYS,Passenger,ais_blackout,2024-11-17T19:40:47+01:00,2024-11-19T05:13:50+01:00,33.55,55.90736,15.75788,55.90338,15.96631,55.90537,15.86209
INC-2024-11-18,277466000,REGINA SEAWAYS,Passenger,ais_blackout,2024-11-19T06:28:07+01:00,2024-11-19T19:46:01+01:00,13.3,55.99985,15.30085,55.99949,15.26221,55.99967,15.28153
INC-2024-11-18,304047000,KESSU,Cargo,ais_dark_approach,,,,54.49333,15.00084,54.49333,15.00084,54.49333,15.00084
INC-2024-11-18,304099000,CELINA,Cargo,ais_dark_approach,,,,55.49344,15.00005,55.49344,15.00005,55.49344,15.00005
INC-2024-11-18,304633000,HAV GROUPER,Cargo,ais_dark_approach,,,,54.64026,15.00026,54.64026,15.00026,54.64026,15.00026
INC-2024-11-18,304677000,ALESSANDRA LEHMANN,Cargo,ais_dark_approach,,,,55.48824,15.00037,55.48824,15.00037,55.48824,15.00037
INC-2024-11-18,304932000,,Undefined,ais_dark_approach,,,,55.85747,15.89763,55.85747,15.89763,55.85747,15.89763
INC-2024-11-18,305269000,NAOS,Cargo,ais_dark_approach,,,,54.73007,16.25301,54.73007,16.25301,54.73007,16.25301
INC-2024-11-18,305313000,ANNALISA P,Cargo,ais_dark_approach,,,,54.63965,15.00055,54.63965,15.00055,54.63965,15.00055
INC-2024-11-18,305342000,KAARI,Cargo,ais_dark_approach,,,,55.74691,15.50169,55.74691,15.50169,55.74691,15.50169
INC-2024-11-18,305370000,CAROLIN G.,Cargo,ais_dark_approach,,,,54.58664,15.00009,54.58664,15.00009,54.58664,15.00009
INC-2024-11-18,305576000,ELBSKY,Cargo,ais_dark_approach,,,,55.5098,15.00024,55.5098,15.00024,55.5098,15.00024
INC-2024-11-18,305612000,HEINZ G,Cargo,ais_dark_approach,,,,55.87447,15.96621,55.87447,15.96621,55.87447,15.96621
INC-2024-11-18,305641000,AMBER STAR,Cargo,ais_dark_approach,,,,55.56376,16.07821,55.56376,16.07821,55.56376,16.07821
INC-2024-11-18,305649000,HUMBER SPRINTER,Cargo,ais_dark_approach,,,,54.6413,15.00025,54.6413,15.00025,54.6413,15.00025
INC-2024-11-18,305682000,BBC NILE,Cargo,ais_blackout,2024-11-16T20:32:36+01:00,2024-11-19T18:23:13+01:00,69.84,55.82603,16.07166,55.92356,16.08501,55.87479,16.07833
INC-2024-11-18,305783000,AGAETE,Cargo,ais_dark_approach,,,,55.4867,15.0006,55.4867,15.0006,55.4867,15.0006
INC-2024-11-18,305819000,WILSON JUPITER,Cargo,ais_blackout,2024-11-15T21:54:05+01:00,2024-11-17T14:14:01+01:00,40.33,54.82243,16.9994,54.7984,16.48013,54.81041,16.73977
INC-2024-11-18,305982000,SIEGFRIED LEHMANN,Cargo,ais_dark_approach,,,,55.85173,15.85024,55.85173,15.85024,55.85173,15.85024
INC-2024-11-18,308924000,DANICA HAV,Cargo,ais_dark_approach,,,,55.48803,15.00008,55.48803,15.00008,55.48803,15.00008
INC-2024-11-18,311000971,ALTERA WAVE,Tanker,ais_dark_approach,,,,55.38588,15.00005,55.38588,15.00005,55.38588,15.00005
INC-2024-11-18,311358000,POMORZE,Cargo,ais_dark_approach,,,,55.92563,16.09294,55.92563,16.09294,55.92563,16.09294
INC-2024-11-18,314547000,WILSON BREST,Cargo,ais_blackout,2024-11-15T00:20:11+01:00,2024-11-17T11:08:47+01:00,58.81,54.78489,16.30975,54.78335,16.15298,54.78412,16.23136
INC-2024-11-18,314746000,LAGAVULIN,Cargo,ais_dark_approach,,,,55.50212,15.00051,55.50212,15.00051,55.50212,15.00051
INC-2024-11-18,314828000,SNP GALAXY,Cargo,ais_dark_approach,,,,55.83757,15.90939,55.83757,15.90939,55.83757,15.90939
INC-2024-11-18,314845000,ROCK,Tanker,ais_dark_approach,,,,55.4897,15.00052,55.4897,15.00052,55.4897,15.00052
INC-2024-11-18,314901000,MAGIC LADY,Tanker,ais_dark_approach,,,,55.7691,16.14685,55.7691,16.14685,55.7691,16.14685
INC-2024-11-18,314990000,ARABELA,Tanker,ais_dark_approach,,,,55.48631,15.00002,55.48631,15.00002,55.48631,15.00002
INC-2024-11-18,341425000,ZULFIKAR,Cargo,ais_dark_approach,,,,55.48922,15.00081,55.48922,15.00081,55.48922,15.00081
INC-2024-11-18,351689000,STAR COURAGE,Cargo,ais_dark_approach,,,,55.49186,15.00028,55.49186,15.00028,55.49186,15.00028
INC-2024-11-18,352001598,PREGNY,Cargo,ais_dark_approach,,,,55.91181,16.03561,55.91181,16.03561,55.91181,16.03561
INC-2024-11-18,352001784,ULTRA VIRTUE,Cargo,ais_dark_approach,,,,55.91725,16.04727,55.91725,16.04727,55.91725,16.04727
INC-2024-11-18,352002725,RICCA,Tanker,ais_dark_approach,,,,55.4868,15.00064,55.4868,15.00064,55.4868,15.00064
INC-2024-11-18,352003222,NEVE,Tanker,ais_dark_approach,,,,55.48992,15.00044,55.48992,15.00044,55.48992,15.00044
INC-2024-11-18,352003442,CAPRICORN FIRST,Cargo,ais_dark_approach,,,,55.75218,16.17992,55.75218,16.17992,55.75218,16.17992
INC-2024-11-18,352003749,SEZAR,Tanker,ais_dark_approach,,,,55.72813,16.02325,55.72813,16.02325,55.72813,16.02325
INC-2024-11-18,352003809,DAKAR,Tanker,ais_dark_approach,,,,55.51829,15.00056,55.51829,15.00056,55.51829,15.00056
INC-2024-11-18,353280000,SEVKETTIN SONAY,Cargo,ais_dark_approach,,,,55.48676,15.00058,55.48676,15.00058,55.48676,15.00058
INC-2024-11-18,354537000,MSC MANDY III,Cargo,ais_dark_approach,,,,55.94376,16.18629,55.94376,16.18629,55.94376,16.18629
INC-2024-11-18,370618000,SUNNY MOLLY,Undefined,ais_dark_approach,,,,55.50282,15.00057,55.50282,15.00057,55.50282,15.00057
INC-2024-11-18,371924000,FLORENCE,Tanker,ais_dark_approach,,,,55.48382,15.0003,55.48382,15.0003,55.48382,15.0003
INC-2024-11-18,371950000,MIKHAIL DUDIN,Undefined,ais_dark_approach,,,,55.4999,15.00014,55.4999,15.00014,55.4999,15.00014
INC-2024-11-18,372078000,COOL EXPLORER,Cargo,ais_dark_approach,,,,55.78582,16.28918,55.78582,16.28918,55.78582,16.28918
INC-2024-11-18,373563000,SUPERNOVA  B,Cargo,ais_dark_approach,,,,55.85114,15.85227,55.85114,15.85227,55.85114,15.85227
INC-2024-11-18,376846000,ACE,Cargo,ais_dark_approach,,,,55.48618,15.00048,55.48618,15.00048,55.48618,15.00048
INC-2024-11-18,412705880,XIN LONG YUN 86,Cargo,ais_dark_approach,,,,55.51794,15.00059,55.51794,15.00059,55.51794,15.00059
INC-2024-11-18,414270000,YI PENG 3,Cargo,ais_dark_approach,,,,55.76059,16.26661,55.76059,16.26661,55.76059,16.26661
INC-2024-11-18,423520100,KARABAKH,Tanker,ais_dark_approach,,,,55.76096,16.2514,55.76096,16.2514,55.76096,16.2514
INC-2024-11-18,477015400,OOCL PORTUGAL,Other,ais_dark_approach,,,,54.64364,15.00025,54.64364,15.00025,54.64364,15.00025
INC-2024-11-18,477826400,FAR EASTERN JUPITER,Cargo,ais_dark_approach,,,,55.83892,15.83173,55.83892,15.83173,55.83892,15.83173
INC-2024-11-18,477885500,WL MUROM,Cargo,ais_dark_approach,,,,55.91026,16.02934,55.91026,16.02934,55.91026,16.02934
INC-2024-11-18,518999083,CANGJIE,Tanker,ais_dark_approach,,,,55.68424,15.6802,55.68424,15.6802,55.68424,15.6802
INC-2024-11-18,538003460,MAGIC STAR,Tanker,ais_dark_approach,,,,55.69317,15.7005,55.69317,15.7005,55.69317,15.7005
INC-2024-11-18,538003561,XIN HAI TONG 17,Cargo,ais_dark_approach,,,,55.70943,16.12877,55.70943,16.12877,55.70943,16.12877
INC-2024-11-18,538006203,AMAX AVENUE,Tanker,ais_dark_approach,,,,55.51041,15.00034,55.51041,15.00034,55.51041,15.00034
INC-2024-11-18,538006873,ECO DOMINATOR,Tanker,ais_blackout,2024-11-16T08:51:49+01:00,2024-11-17T19:40:09+01:00,34.81,55.92496,15.36701,55.9997,15.15161,55.96233,15.25931
INC-2024-11-18,538008919,NISSOS ANTIMILOS,Tanker,ais_dark_approach,,,,55.75603,16.14809,55.75603,16.14809,55.75603,16.14809
INC-2024-11-18,538009052,SSI DAUNTLESS,Cargo,ais_dark_approach,,,,55.48466,15.00028,55.48466,15.00028,55.48466,15.00028
INC-2024-11-18,538010351,CHRISTINA,Cargo,ais_dark_approach,,,,54.82353,15.00046,54.82353,15.00046,54.82353,15.00046
INC-2024-11-18,563125800,MARITIME VALOR,Tanker,ais_dark_approach,,,,54.64504,15.00063,54.64504,15.00063,54.64504,15.00063
INC-2024-11-18,563125800,MARITIME VALOR,Tanker,ais_blackout,2024-11-18T01:49:33+01:00,2024-11-21T00:28:44+01:00,70.65,54.7692,16.41724,54.80644,16.42737,54.78782,16.4223
INC-2024-11-18,563233600,MTM ROTTERDAM,Tanker,ais_dark_approach,,,,55.85063,15.00013,55.85063,15.00013,55.85063,15.00013
INC-2024-11-18,566954000,APL VANDA,Undefined,ais_blackout,2024-11-16T18:02:05+01:00,2024-11-18T21:13:47+01:00,51.2,54.78063,16.56055,54.80929,16.5253,54.79496,16.54292
INC-2024-11-18,626278000,YI MENG SHAN,Tanker,ais_dark_approach,,,,55.49746,15.00026,55.49746,15.00026,55.49746,15.00026
INC-2024-11-18,626312000,WISDOMS DAUGHTER,Tanker,ais_dark_approach,,,,55.75283,16.1822,55.75283,16.1822,55.75283,16.1822
INC-2024-11-18,636016374,OLGA,Cargo,ais_dark_approach,,,,55.50542,15.00032,55.50542,15.00032,55.50542,15.00032
INC-2024-11-18,636017416,NAVIGATOR YAUZA,Tanker,ais_dark_approach,,,,55.49022,15.00041,55.49022,15.00041,55.49022,15.00041
INC-2024-11-18,636017845,AQUADISIAC,Tanker,ais_dark_approach,,,,55.7636,16.17168,55.7636,16.17168,55.7636,16.17168
INC-2024-11-18,636018551,TRANSMERIDIAN,Cargo,ais_dark_approach,,,,55.75988,16.10773,55.75988,16.10773,55.75988,16.10773
INC-2024-11-18,636018688,ADAM,Tanker,ais_dark_approach,,,,55.7326,16.03828,55.7326,16.03828,55.7326,16.03828
INC-2024-11-18,636019089,EVRIALI,Cargo,ais_dark_approach,,,,55.75777,16.16661,55.75777,16.16661,55.75777,16.16661
INC-2024-11-18,636021058,ECO WILDFIRE,Cargo,ais_dark_approach,,,,55.49522,15.00041,55.49522,15.00041,55.49522,15.00041
INC-2024-11-18,636021274,KALLIOPI S,Cargo,ais_dark_approach,,,,55.48094,15.00008,55.48094,15.00008,55.48094,15.00008
INC-2024-11-18,636021532,BUFFALO,Cargo,ais_dark_approach,,,,55.50133,15.00052,55.50133,15.00052,55.50133,15.00052
INC-2024-11-18,636021867,MINERVA ARIES,Tanker,ais_dark_approach,,,,55.75673,16.18967,55.75673,16.18967,55.75673,16.18967
INC-2024-11-18,636021924,SUEZ ENCHANTED,Tanker,ais_dark_approach,,,,55.49375,15.00062,55.49375,15.00062,55.49375,15.00062
INC-2024-11-18,636021979,EKATERINI V,Cargo,ais_dark_approach,,,,55.75259,16.15136,55.75259,16.15136,55.75259,16.15136
INC-2024-11-18,636022416,LC PORTHOS,Cargo,ais_dark_approach,,,,55.76722,16.17565,55.76722,16.17565,55.76722,16.17565
INC-2024-11-18,636022536,DELOS II,Cargo,ais_dark_approach,,,,55.48268,15.00077,55.48268,15.00077,55.48268,15.00077
INC-2024-11-18,636023154,TOP MARINE,Cargo,ais_dark_approach,,,,55.49464,15.00093,55.49464,15.00093,55.49464,15.00093
INC-2024-11-18,636023569,ANTIOCHIA KA,Tanker,ais_dark_approach,,,,55.75685,16.12232,55.75685,16.12232,55.75685,16.12232
INC-2024-11-18,636023986,IRMGARD,Cargo,ais_dark_approach,,,,55.9407,16.13548,55.9407,16.13548,55.9407,16.13548
INC-2024-11-18,667002336,PIERRE,Tanker,ais_dark_approach,,,,55.76843,16.21095,55.76843,16.21095,55.76843,16.21095
INC-2024-11-18,667002348,KAPITAN MISKOV,Cargo,ais_dark_approach,,,,55.51729,15.00051,55.51729,15.00051,55.51729,15.00051
