mmsi,max_jump_km
100000000,2.3
109080297,5.8
109220003,4.7
111211501,2.2
111211502,107.0
111211504,25.5
111211505,58.6
111211507,56.4
111211508,26.8
111211509,56.9
111211510,26.1
111211511,81.6
111211512,134.4
111211513,57.1
111211514,2.2
111211554,97.3
111211590,27.0
111211591,10.0
111211593,4.0
111211595,29.3
111219502,15.4
111219504,99.6
111219507,204.6
111219508,2.8
111219510,4.8
111219512,199.2
111219513,72.0
111219514,101.3
111219515,204.1
111219516,204.1
111219517,120.0
111219518,76.3
111219519,98.0
111219520,70.8
111219521,10.6
111219522,40.8
111230302,183.1
111230306,248.9
111244513,304.6
111257000,14.6
111257001,44.0
111257002,21.1
111257003,22.2
111257004,2.0
111257005,76.6
111257006,31.5
111257007,97.1
111257008,103.8
111257009,64.4
111257010,124.2
111257011,118.6
111257012,148.8
111257013,35.6
111257015,98.8
111257507,17.2
111257517,99.1
111257601,19.7
111257603,186.4
111261104,130.6
111261105,33.9
111261108,28.3
111261109,41.8
111261110,12.3
111261111,7.5
111261113,40.0
111261115,80.3
111261116,10.6
111261501,2.9
111261503,17.6
111261504,16.4
111261505,3.3
111261507,10.9
111261508,20.7
111261509,4.6
111261510,9.7
111265101,190.5
111265102,68.9
111265103,38.7
111265120,2.1
111265121,37.3
111265122,12.7
111265123,22.9
111265124,15.7
111265125,63.7
111265127,76.6
111265129,34.9
111265130,12.0
111265131,41.2
111265132,104.2
111265135,47.1
111265136,12.4
111265137,36.9
111265138,46.8
111265139,25.2
111265521,25.6
111265522,16.1
111265523,55.5
111265524,18.8
111265525,61.0
111265526,75.6
111265527,34.5
111265528,12.5
111265530,32.7
111265531,86.0
111265532,88.5
111265533,71.9
111265534,26.5
111265535,24.1
111265536,12.4
111265537,30.0
111265538,50.1
111265539,2.3
111265540,5.6
111265542,18.7
111265543,529.8
111265544,28.4
111265545,362.6
111265548,142.5
111265555,27.2
111265556,11.6
111265557,63.3
111265558,21.4
111265559,22.1
111265581,105.7
111265582,40.5
111265583,16.1
111265584,23.4
111265585,5.4
111265586,21.3
111265587,56.0
111265911,70.1
111265999,403.7
111277501,4.4
111277502,389.1
111277503,16.5
111277504,3.9
111503001,91.1
111503003,72.3
111619101,192.5
119000922,2.1
205146000,4.3
205196000,552.1
205340000,171.9
205482000,277.3
205555000,2.1
205689000,8.3
205772000,123.3
205787000,12.5
207138000,298.1
209015000,252.1
209056000,315.7
209075000,174.4
209139000,5.2
209151000,2.6
209168000,292.0
209183000,416.4
209184000,99.7
209217000,368.4
209221000,244.6
209276000,58.5
209297000,5.1
209314000,287.5
209332000,6.6
209341000,19.3
209415000,285.9
209452000,2.8
209455000,244.2
209467000,34.6
209488000,10.8
209525000,352.7
209530000,5.0
209541000,4.5
209543000,14.5
209608000,291.2
209610000,6.5
209621000,258.2
209624000,221.3
209659000,6.8
209664000,4.0
209672000,8.3
209715000,3.0
209731000,6.6
209764000,83.8
209823000,310.4
209903000,5.7
209916000,332.3
209938000,41.2
209952000,257.0
209955000,33.0
209968000,316.7
209974000,777.3
209982000,172.1
209989000,97.6
210008000,30.0
210017000,9.7
210028000,260.5
210041000,466.2
210048000,2.6
210052000,4.3
210070000,185.4
210071000,14.4
210090000,238.8
210095000,432.5
210100000,244.7
210148000,42.8
210149000,35.9
210155000,12.7
210167000,270.8
210174000,390.3
210178000,22.4
210195000,65.7
210223000,29.6
210231000,9.1
210239000,149.2
210331000,23.0
210332000,15.8
210340000,316.3
210353000,6.1
210359000,114.8
210387000,455.5
210388000,36.2
210399000,81.5
210418000,173.4
210425000,13.5
210431000,252.9
210444000,11.0
210445000,13.9
210524000,330.6
210525000,339.7
210533000,316.3
210534000,320.8
210545000,41.1
210546000,337.4
210547000,329.3
210548000,3.4
210549000,195.1
210550000,118.1
210552000,252.3
210553000,3.8
210568000,2.8
210607000,9.8
210620000,337.2
210665000,301.6
210674000,277.7
210695000,259.5
210701000,370.0
210708000,12.8
210754000,21.1
210763000,346.3
210765000,54.9
210803000,414.6
210898064,48.3
210898070,40.7
210898080,58.3
210898108,13.2
210935000,14.8
210953000,346.3
211002010,83.8
211003806,21.2
211100030,13.4
211101510,161.8
211101670,263.3
211101810,3.7
211102510,12.7
211104380,12.7
211105880,2.8
211107300,29.9
211109550,3.8
211110940,13.7
211112320,16.3
211115660,66.8
211116790,75.5
211117840,6.7
211117900,2.1
211119390,39.5
211119620,52.0
211120870,21.0
211121970,156.4
211122300,12.1
211124100,20.5
211124710,135.4
211125610,5.6
211126670,6.4
211127480,47.0
211129890,273.1
211130000,6.8
211130410,103.0
211130870,3.2
211131410,43.6
211132210,2.1
211132630,90.4
211132660,55.5
211133710,5.4
211134060,19.8
211134090,21.1
211135000,1219.0
211135050,312.7
211136270,82.3
211137460,7.6
211138490,45.3
211139010,3.0
211140210,3.6
211141000,6.6
211142170,61.8
211142800,13.0
211143890,286.3
211146780,434.3
211149000,28.1
211149270,95.2
211150810,2.1
211152530,12.5
211153170,27.0
211153420,4.4
211153490,429.7
211154270,9.4
211155150,115.0
211156220,15.0
211156470,386.2
211156800,144.9
211158080,58.8
211158630,125.5
211159320,17.0
211159730,9.9
211159740,102.9
211160770,4.6
211161390,204.8
211162050,5.4
211162180,9.4
211165140,17.4
211166410,48.2
211168490,8.6
211171750,17.9
211172730,7.9
211177200,19.5
211178240,676.9
211178460,59.2
211179030,46.5
211179720,31.6
211182310,47.7
211184690,8.3
211185040,23.9
211185280,524.5
211187550,26.1
211188000,109.5
211189030,21.9
211189180,20.1
211189560,22.7
211189750,3.4
211190000,101.9
211191610,11.1
211192880,8.0
211193020,208.6
211193180,104.3
211193720,42.3
211195010,21.2
211195870,27.2
211197410,14.1
211198060,7.2
211198680,6.0
211200120,87.0
211200150,4.9
211200560,5.9
211202400,151.7
211205970,143.5
211207710,2.6
211208060,22.1
211208850,32.9
211210150,2.7
211210160,2.5
211210190,18.7
211210380,2.4
211210490,49.9
211210920,6.1
211211180,3.6
211211230,3.7
211211330,7.6
211211480,2.2
211211500,2.8
211211520,20.0
211211730,6.2
211211760,4.3
211212740,142.5
211212750,38.1
211212770,136.1
211212840,40.6
211212880,63.7
211212910,18.9
211212920,15.8
211214250,2.3
211214470,112.5
211215100,86.8
211215210,5.7
211215500,2.8
211215910,57.7
211216500,133.6
211216570,6.2
211217290,6.4
211222290,7.5
211222680,2.1
211222710,8.8
211223120,7.1
211223210,3.6
211224560,169.8
211224740,15.2
211225780,6.2
211226360,17.5
211226940,172.1
211227550,182.2
211227920,8.5
211228510,52.9
211228710,37.2
211230400,193.1
211230940,7.7
211231360,206.6
211232830,4.6
211233270,115.0
211233580,110.1
211235420,120.3
211238020,40.4
211239210,56.5
211240410,2.9
211243090,14.6
211245320,2.6
211249410,3.6
211249620,5.5
211251380,47.1
211258290,2.9
211261500,14.8
211261510,54.3
211261620,18.0
211263600,2.9
211265530,277.0
211265560,16.5
211265620,6.4
211269540,74.6
211269680,3.6
211269690,3.8
211272150,349.4
211273620,2.5
211275750,103.8
211276390,24.3
211278890,5.3
211278920,3.4
211280780,6.8
211281490,88.7
211281860,5.4
211283420,16.0
211283440,91.3
211283530,34.6
211284030,232.5
211284080,5.7
211284350,177.3
211284510,14.4
211284920,8.0
211285440,32.8
211286060,130.6
211286440,270.9
211286770,38.0
211287170,17.4
211287730,17.5
211288410,34.2
211290200,2.1
211291060,45.1
211291150,98.7
211291350,435.2
211292030,4.3
211299980,2.6
211302010,5.1
211302560,18.5
211302570,311.3
211302700,2.6
211302790,307.1
211303520,4.0
211305200,33.3
211307860,223.3
211307880,3.5
211308150,5.2
211308180,40.1
211308320,49.0
211309820,45.0
211309950,7.9
211311700,18.3
211312660,124.3
211314140,5.1
211316430,45.9
211317180,2.4
211318800,36.1
211319140,57.2
211320060,149.0
211321270,4.0
211324380,18.2
211325510,193.6
211325980,224.4
211326550,13.4
211327400,425.0
211327620,32.4
211328370,61.7
211330490,61.5
211331670,18.7
211333870,7.7
211336400,32.0
211340310,14.7
211340700,8.7
211340710,12.0
211340800,4.9
211340860,89.6
211341460,37.3
211345510,120.5
211347040,217.2
211350820,21.9
211351670,5.0
211351860,27.4
211355760,101.9
211356090,67.8
211356660,9.0
211360780,2.8
211363380,6.7
211363550,14.3
211365920,3.0
211372180,52.9
211372700,2.0
211373570,8.4
211374820,2.1
211375070,36.0
211375680,55.0
211375980,6.1
211378300,36.5
211379520,22.4
211380370,54.7
211383360,5.2
211383810,5.1
211385190,147.6
211385240,48.8
211389240,12.5
211390900,25.8
211392040,2.8
211392990,20.1
211395350,7.2
211398270,93.6
211398280,38.2
211401080,22.5
211401350,2.7
211402190,7.7
211402540,2.4
211403780,19.6
211404720,55.1
211404810,57.7
211407330,106.2
211408220,13.9
211409100,102.7
211409660,8.7
211410650,142.3
211412660,284.2
211413240,18.7
211417590,6.5
211417630,34.8
211419890,58.7
211421210,17.1
211422510,124.8
211423050,9.8
211426120,9.3
211428440,2.5
211429320,2.1
211439330,132.6
211439460,152.8
211440750,313.8
211440890,7.2
211441600,65.3
211443020,54.8
211443540,122.7
211444550,170.8
211445510,28.9
211448410,2.1
211449950,36.1
211450910,42.2
211452170,103.5
211453570,2.5
211454980,15.6
211456120,79.9
211460270,48.4
211462760,28.4
211466550,6.8
211470070,14.3
211470940,32.3
211473960,126.2
211474000,259.0
211474440,3.7
211474990,4.1
211476520,5.6
211477060,4.0
211478980,11.2
211479380,16.6
211480150,108.5
211482680,14.9
211483570,46.2
211485200,72.6
211486840,23.1
211487630,12.6
211488440,25.3
211488470,9.8
211488750,25.0
211489260,66.0
211489880,81.0
211491360,11.7
211493010,8.8
211495300,9.8
211497670,29.7
211501960,13.6
211503920,5.8
211507820,38.1
211511350,19.3
211512330,5.1
211514540,2.6
211518530,60.1
211518860,35.2
211520510,73.9
211525170,4.0
211526140,2.9
211528400,14.8
211529680,4.2
211530460,20.6
211531830,10.1
211532480,76.5
211533370,2.6
211533730,4.0
211534760,3.0
211535070,8.5
211535130,6.4
211535660,27.0
211536260,17.3
211536710,117.3
211537340,4.3
211537740,3.8
211538400,80.6
211540990,16.7
211541180,27.4
211541630,72.8
211542610,178.1
211543450,29.5
211543850,806.4
211546740,10.4
211546840,2.1
211547270,154.6
211547760,12.1
211549600,3.0
211549650,2.5
211553620,13.2
211553630,452.3
211554430,13.5
211554880,21.3
211555050,202.6
211559850,109.4
211561990,65.9
211563610,2.2
211564220,5.9
211564540,23.0
211565880,14.5
211568630,16.8
211569790,116.0
211571810,38.1
211572780,2.2
211572830,3.8
211573010,39.7
211573600,289.1
211575150,2.3
211576300,19.5
211577000,240.6
211579700,73.8
211580980,34.3
211582060,24.5
211584600,17.5
211588460,7.2
211588960,69.9
211588970,88.6
211591600,106.6
211592590,59.1
211593250,73.4
211594690,71.7
211599770,38.9
211600240,260.4
211603630,47.7
211604010,3.8
211604690,6.5
211608450,49.2
211609210,63.1
211611030,2.1
211612170,7.1
211613440,13.5
211615850,4.0
211617730,19.0
211618210,11.1
211620130,32.0
211624100,47.8
211624380,8.3
211624720,72.9
211624750,909.1
211624900,457.7
211625170,25.9
211627830,69.0
211629880,53.6
211629930,248.7
211633830,41.3
211633930,43.3
211634300,25.1
211634520,63.4
211635380,18.0
211635560,2.9
211636950,26.7
211637400,37.4
211637520,79.0
211637680,6.0
211638690,31.3
211639430,62.2
211640710,7.9
211641040,73.8
211641080,15.6
211643670,49.3
211644720,2.1
211645420,24.4
211645630,26.0
211645810,66.5
211646120,50.8
211648140,55.9
211648300,39.4
211649020,51.0
211649310,6.2
211650310,24.9
211652230,10.0
211657230,23.1
211657830,44.6
211658450,24.1
211662260,16.8
211663830,7.2
211665450,3.1
211668240,26.4
211669410,7.6
211671060,11.9
211671320,14.4
211671780,82.4
211672330,14.6
211672730,6.8
211673700,176.8
211673890,89.3
211674300,79.8
211674410,83.9
211676110,49.0
211677590,11.8
211677920,27.8
211678450,44.5
211679510,40.3
211680210,70.6
211680880,27.3
211681430,56.8
211681800,17.1
211685400,10.9
211686000,403.1
211686900,10.0
211688640,11.7
211689110,73.2
211689830,168.2
211690970,165.5
211692270,20.0
211694680,21.2
211695200,6.9
211695510,11.6
211695580,50.6
211696190,5.1
211698650,37.4
211699430,59.3
211701640,14.5
211705460,2.2
211707570,99.8
211708320,23.4
211708930,13.5
211709290,4.3
211710780,236.1
211711570,40.7
211711850,9.2
211712040,17.9
211713370,61.8
211713970,31.8
211714110,22.0
211715330,11.5
211716130,50.8
211716660,13.0
211716900,2.2
211721080,107.8
211721220,31.2
211721590,20.8
211721750,37.4
211722380,7.4
211724170,20.1
211725030,13.2
211725460,41.3
211727080,45.4
211728250,6.2
211728970,46.6
211729130,2.2
211730470,7.2
211730630,12.5
211731290,67.7
211731410,117.9
211731480,6.1
211731510,31.9
211733520,66.9
211733580,52.6
211733980,300.6
211735730,35.6
211739210,6.3
211739600,12.3
211740760,17.8
211742600,29.8
211742930,136.3
211745250,34.8
211745740,322.4
211747200,31.0
211747410,44.5
211750380,5.2
211750780,6.6
211751580,12.1
211755260,3.6
211756190,15.4
211757040,2.1
211757540,178.1
211760350,82.0
211761290,120.2
211762090,2.6
211762800,29.8
211763070,329.1
211763370,47.3
211765970,22.3
211766310,63.7
211771340,4.3
211772470,902.4
211772710,6.9
211773640,3.7
211774530,46.3
211774950,58.7
211776230,29.2
211776730,3.7
211776870,45.5
211776970,12.4
211776990,3.1
211781550,3.6
211782970,8.0
211784720,2.6
211785340,4.2
211786080,53.1
211787810,52.6
211788510,20.7
211790630,12.1
211793100,16.6
211793650,13.6
211796220,19.5
211797830,5.4
211800420,19.7
211800600,9.1
211802510,5.9
211804500,4.3
211805830,20.8
211806440,2.9
211808050,3.5
211809690,5.0
211810520,8.2
211812820,9.5
211815680,7.2
211816070,412.1
211816560,17.8
211818840,83.3
211819590,45.1
211822000,3.7
211822860,33.1
211828320,5.7
211828840,83.4
211829930,6.5
211831700,29.0
211833390,65.0
211835880,32.0
211836940,2.4
211839050,45.8
211839600,4.2
211841470,2.7
211845000,352.3
211846360,29.6
211847210,42.0
211847700,48.8
211848130,15.2
211854980,66.3
211856360,87.7
211856500,23.9
211856550,104.9
211858050,4.4
211860320,3.4
211865600,289.6
211865680,6.7
211868060,3.1
211869710,7.1
211870240,197.9
211873760,38.1
211877690,152.8
211880080,43.8
211881920,3.4
211882460,2.6
211883870,61.9
211884140,25.0
211891740,254.1
211891950,16.0
211900010,129.9
211910000,96.5
211911001,8.2
211923000,27.6
211927000,197.6
212008000,6.9
212018000,1011.2
212112000,338.6
212123000,236.8
212163000,151.0
212165000,194.3
212198000,6.1
212209000,297.4
212255000,158.0
212335000,86.3
212357000,246.9
212359000,164.8
212360000,266.5
212376000,8.3
212406000,254.0
212453000,262.5
212491000,294.1
212499000,137.5
212519000,286.6
212521000,311.2
212530000,170.2
212577000,20.8
212584000,2.4
212587000,52.9
212613000,3.9
212617000,239.9
212651000,283.0
212710000,2.3
212748000,24.1
212775000,365.7
212787000,55.8
212797000,491.0
212811000,582.6
212816000,332.6
212821000,8.2
212880000,7.5
212882000,51.2
212891000,23.5
212949000,104.4
212963000,3.8
215064000,204.9
215078000,290.8
215211000,120.3
215221000,158.7
215253000,256.6
215312000,192.8
215331000,239.1
215345000,29.3
215371000,29.6
215475000,21.2
215514000,269.1
215516000,7.2
215540000,279.8
215627000,349.8
215744000,265.0
215767000,9.8
215785000,160.2
215804000,9.6
215809000,5.1
215902000,277.4
215903000,33.9
215908000,301.8
215935000,334.4
218000200,19.7
218005000,318.1
218005660,5.1
218007750,382.7
218014900,5.6
218019000,5.4
218020080,38.0
218027530,5.6
218027540,5.8
218027560,96.3
218030050,11.3
218030480,2.5
218031690,16.9
218031900,98.7
218032960,4.9
218033200,20.1
218035980,301.6
218037430,464.7
218039680,247.5
218040040,20.6
218041490,256.3
218042080,6.9
218045260,2.1
218051700,17.9
218053390,3.9
218055710,296.7
218057000,2.6
218060480,277.7
218085000,2.1
218098000,2.7
218108000,85.9
218143000,178.9
218176000,302.8
218179000,20.1
218197000,1064.5
218292000,65.1
218321000,143.1
218356000,2.6
218413000,1041.6
218492000,191.6
218601000,145.2
218728000,279.2
218795000,150.5
218797000,28.0
218801000,340.5
218805000,326.7
218809000,208.7
218816000,4.8
218856000,2.1
218858000,116.8
218861000,13.3
219000155,19.9
219000161,3.2
219000179,4.4
219000184,8.4
219000185,40.9
219000189,5.6
219000191,8.9
219000245,8.1
219000333,5.5
219000416,321.2
219000429,38.1
219000513,57.9
219000543,777.3
219000551,5.3
219000552,2.0
219000554,107.4
219000558,2.2
219000575,4.6
219000603,41.5
219000675,187.4
219000751,293.5
219000784,279.0
219000805,2.6
219000818,3.9
219000875,30.5
219000895,18.5
219000899,2.8
219000907,597.5
219000942,6.5
219000962,510.7
219000968,418.2
219000996,3.8
219001013,8.4
219001058,322.0
219001066,4.9
219001181,133.7
219001204,8.1
219001253,292.9
219001461,777.3
219001588,64.8
219001619,6.6
219001682,51.9
219002136,2.7
219002149,13.6
219002187,124.3
219002315,60.0
219002332,71.6
219002339,29.7
219002349,8.1
219002392,2.8
219002418,321.8
219002587,26.0
219002731,4.6
219002761,31.3
219002794,7.6
219002857,2.1
219003064,47.2
219003066,13.2
219003121,472.2
219003217,5.4
219003232,20.5
219003369,23.7
219003383,20.1
219003537,245.4
219003541,12.2
219003596,18.9
219003826,222.4
219003959,89.0
219003966,46.4
219004054,71.2
219004128,9.0
219004145,2.4
219004203,15.9
219004239,273.7
219004242,4.3
219004265,2.2
219004275,37.2
219004303,16.3
219004383,16.9
219004529,7.5
219004633,2.2
219005012,6.5
219005068,9.5
219005134,467.8
219005226,48.7
219005323,53.9
219005485,3.0
219005511,9.8
219005659,2.7
219005732,4.8
219005778,3.8
219005826,1061.1
219005847,2.4
219005878,6.4
219005881,12.2
219005901,37.8
219005904,642.2
219005921,1127.0
219005941,50.7
219005956,2.9
219005998,36.8
219006024,187.0
219006026,61.8
219006091,58.2
219006092,23.9
219006221,7.1
219006248,8.4
219006382,78.9
219006387,2.8
219006391,51.5
219006443,112.3
219006498,26.9
219006514,10.2
219006564,151.5
219006632,18.2
219006744,95.7
219006795,14.5
219007511,10.6
219007572,3.4
219007577,44.9
219007628,15.0
219007697,37.9
219007705,309.0
219007781,25.9
219007932,4.0
219008000,243.5
219008001,169.2
219008096,80.6
219008384,132.5
219008443,344.2
219008455,8.7
219008518,6.1
219008701,44.3
219008805,19.2
219008993,14.4
219009229,5.9
219009338,150.9
219009435,2.8
219009542,44.7
219009602,60.7
219009628,39.5
219009677,42.4
219009721,9.8
219009799,12.1
219009815,71.7
219009846,5.4
219010032,2.2
219010079,49.7
219010183,155.0
219010246,5.4
219010247,76.0
219010273,119.1
219010639,16.0
219010706,35.7
219010799,114.5
219010818,4.0
219010921,34.0
219011032,225.5
219011038,123.1
219011136,384.8
219011166,55.9
219011253,5.3
219011277,132.7
219011376,63.7
219011409,202.5
219011535,2.0
219011538,19.3
219011882,90.4
219011922,241.1
219012062,15.5
219012073,294.9
219012076,13.1
219012351,154.5
219012459,16.3
219012561,45.0
219012789,243.6
219012894,9.8
219012966,2.1
219012969,8.9
219013073,2.1
219013233,10.3
219013319,56.9
219013391,105.8
219013606,8.3
219013667,6.4
219013692,24.8
219014011,15.6
219014078,28.5
219014244,295.9
219014249,87.5
219014295,4.7
219014299,494.6
219014309,45.6
219014355,30.1
219014416,17.8
219014427,42.6
219014435,99.3
219014523,12.4
219014559,55.1
219014597,27.8
219014715,59.6
219014727,39.0
219014875,10.8
219014974,3.1
219015153,25.9
219015227,2.3
219015298,31.1
219015321,9.8
219015344,101.0
219015373,30.3
219015388,215.2
219015403,53.3
219015425,3.0
219015442,3.0
219015595,2.1
219015688,41.9
219015822,6.6
219016153,37.0
219016289,26.4
219016357,31.0
219016397,4.1
219016501,7.0
219016555,9.8
219016571,2.2
219016645,8.5
219016665,169.2
219016709,11.4
219016741,7.5
219016759,589.6
219016781,4.5
219016806,5.5
219016827,14.0
219016832,648.4
219016835,10.7
219016873,2.3
219016899,116.2
219016938,3.2
219017025,8.3
219017033,159.1
219017081,365.9
219017085,38.1
219017151,144.8
219017325,432.2
219017464,35.2
219017488,24.6
219017525,39.7
219017539,11.2
219017554,2.5
219017609,79.0
219017622,78.0
219017639,19.1
219017684,148.4
219017717,12.0
219017802,79.3
219017917,59.3
219018172,59.7
219018228,291.3
219018246,155.5
219018254,15.9
219018269,314.1
219018271,46.4
219018272,17.5
219018343,90.2
219018379,25.2
219018405,10.8
219018408,53.8
219018492,3.7
219018494,3.3
219018499,4.4
219018501,616.5
219018518,50.0
219018537,6.3
219018616,393.7
219018655,4.0
219018692,613.8
219018765,500.4
219018833,327.0
219018851,147.5
219018864,127.9
219018892,15.6
219018902,249.0
219018951,131.4
219018986,96.2
219019010,6.3
219019023,3.2
219019024,76.3
219019032,2.8
219019039,65.2
219019048,52.2
219019094,39.9
219019097,21.2
219019107,67.9
219019145,238.3
219019208,314.0
219019228,47.3
219019252,38.9
219019303,6.7
219019347,8.3
219019354,107.8
219019358,29.1
219019361,136.8
219019368,65.7
219019384,16.1
219019407,88.1
219019444,7.8
219019472,30.3
219019483,33.3
219019523,7.6
219019529,99.6
219019541,10.9
219019831,62.5
219019852,388.7
219019853,5.3
219019887,2.4
219019946,122.6
219019954,149.3
219019964,20.2
219019967,123.8
219019989,48.6
219020081,46.8
219020084,23.2
219020102,2.3
219020118,13.9
219020139,42.3
219020143,2.5
219020149,4.5
219020150,127.1
219020195,49.7
219020215,2.9
219020233,344.8
219020333,6.8
219020368,115.8
219020441,14.3
219020453,72.8
219020470,85.7
219020497,6.5
219020533,471.2
219020566,13.9
219020583,53.9
219020624,42.2
219020654,20.5
219020678,3.3
219020728,54.5
219020740,34.5
219020790,323.5
219020849,91.6
219020876,74.8
219020896,5.7
219020897,47.1
219020924,3.4
219020926,39.6
219020994,39.0
219021000,6.8
219021015,33.3
219021076,34.7
219021078,63.2
219021114,74.8
219021163,10.1
219021176,5.8
219021181,18.2
219021185,7.9
219021219,75.2
219021225,318.0
219021235,13.2
219021238,32.1
219021241,2.5
219021317,6.7
219021388,135.6
219021393,59.7
219021399,27.6
219021408,3.1
219021449,9.1
219021494,67.1
219021597,32.5
219021673,5.1
219021674,81.5
219021734,2.4
219021747,5.6
219021756,49.5
219021837,38.4
219021870,20.6
219021883,73.0
219021991,28.0
219022011,60.8
219022126,57.9
219022140,5.5
219022151,13.1
219022199,4.4
219022219,62.3
219022222,121.1
219022256,132.3
219022281,2.2
219022282,37.1
219022287,155.9
219022300,474.8
219022303,18.6
219022317,2.3
219022424,21.1
219022430,217.8
219022476,4.9
219022481,7.9
219022550,214.3
219022605,2.6
219022689,2.9
219022721,2.4
219022797,51.3
219022836,28.2
219022862,68.3
219022874,30.2
219022885,3.1
219022896,134.9
219022903,108.2
219023043,10.1
219023054,56.8
219023095,40.3
219023186,2.1
219023237,54.0
219023238,46.2
219023369,23.5
219023372,91.2
219023461,26.8
219023468,3.7
219023496,17.6
219023543,7.4
219023599,28.1
219023623,3.1
219023630,12.8
219023700,12.4
219023703,2.4
219023759,161.5
219023766,2.9
219023780,2.2
219023807,6.6
219023811,53.2
219023833,2.2
219023870,52.5
219023911,6.2
219024034,117.8
219024176,137.8
219024194,305.7
219024196,4.9
219024252,97.7
219024379,4.7
219024389,6.7
219024411,106.7
219024550,6.2
219024553,87.7
219024586,272.1
219024597,49.9
219024612,34.4
219024631,20.7
219024651,29.1
219024653,99.2
219024654,7.7
219024676,14.8
219024708,52.8
219024710,3.1
219024768,2.1
219024787,3.3
219024805,4.7
219024858,10.4
219024899,4.5
219024915,2.3
219024948,11.5
219025008,2.5
219025126,4.1
219025150,3.1
219025212,31.4
219025221,30.3
219025260,355.6
219025266,2.6
219025311,20.1
219025352,7.8
219025392,5.4
219025509,43.9
219025551,22.7
219025641,2.2
219025675,3.7
219025688,28.3
219025708,2.5
219025730,12.3
219025731,56.3
219025735,15.1
219025896,26.0
219025910,5.0
219025938,15.7
219025962,6.5
219025981,2.6
219025998,328.3
219026000,16.0
219026004,4.2
219026019,12.2
219026107,17.6
219026117,196.5
219026129,138.0
219026131,5.4
219026147,853.9
219026172,27.1
219026179,3.1
219026197,52.2
219026234,2.8
219026251,11.9
219026347,2.0
219026375,6.3
219026443,376.9
219026480,5.7
219026489,390.0
219026490,386.4
219026492,5.3
219026522,33.4
219026534,4.8
219026558,417.7
219026611,2.7
219026641,2.4
219026722,9.8
219026816,25.6
219026863,5.9
219026883,4.8
219026989,10.5
219027006,163.2
219027072,7.0
219027084,168.5
219027136,5.0
219027256,7.3
219027309,5.2
219027399,67.4
219027405,36.3
219027413,4.4
219027463,49.4
219027540,10.1
219027624,3.2
219027656,25.1
219027666,4.2
219027722,27.9
219027788,6.2
219027828,24.5
219027864,4.1
219027915,2.1
219027963,77.0
219027992,57.1
219027999,116.9
219028031,12.1
219028043,89.2
219028060,2.9
219028070,6.2
219028115,265.4
219028116,212.6
219028117,45.6
219028227,2.7
219028267,27.3
219028328,22.4
219028345,2.8
219028354,2.1
219028358,2.3
219028505,9.7
219028699,8.2
219028720,6.4
219028798,13.2
219028839,5.5
219028973,154.2
219028996,247.6
219029049,12.3
219029163,49.8
219029239,2.6
219029250,18.0
219029274,4.0
219029317,7.6
219029349,29.4
219029383,8.2
219029563,357.1
219029575,37.0
219029577,34.1
219029587,4.0
219029602,6.8
219029647,39.1
219029682,7.4
219029690,151.9
219029698,29.3
219029699,9.0
219029700,2.1
219029703,9.6
219029704,10.4
219029705,5.6
219029706,9.9
219029707,9.8
219029708,30.8
219029722,285.1
219029769,113.6
219029785,20.7
219029793,5.7
219029824,5.1
219029825,23.8
219029880,239.0
219030011,5.0
219030024,2.9
219030025,4.3
219030027,3.5
219030118,3.7
219030161,3.2
219030227,40.7
219030264,2.7
219030293,48.4
219030331,4.4
219030335,4.7
219030540,4.9
219030600,363.6
219030639,5.7
219030885,7.6
219030923,2.1
219030930,173.3
219030968,24.9
219031069,14.7
219031105,2.8
219031111,261.9
219031135,295.0
219031214,24.0
219031310,3.9
219031311,2.6
219031325,102.3
219031361,139.8
219031423,429.7
219031437,3.1
219031469,2.4
219031529,7.4
219031557,149.0
219031605,62.2
219031632,15.8
219031645,2.9
219031646,7.3
219031827,2.1
219031855,9.3
219031877,67.7
219031891,3.0
219032204,10.0
219032223,7.2
219032257,4.4
219032297,2.6
219032306,5.9
219032365,13.4
219032375,409.5
219032447,38.0
219032482,12.9
219032520,5.1
219032671,842.3
219032732,3.2
219032859,207.6
219032860,19.5
219032880,53.3
219032881,240.1
219032961,257.8
219033166,326.1
219033229,2.9
219033319,26.2
219033324,70.5
219033376,2.8
219033409,7.3
219033765,33.0
219033810,2.9
219034145,54.4
219034291,72.7
219034334,2.1
219034389,320.3
219034393,135.9
219034486,313.6
219034644,24.3
219034887,379.6
219034985,9.9
219035418,21.8
219035886,33.3
219061000,411.3
219070000,24.8
219105000,3.9
219136000,262.0
219159000,39.8
219170000,9.1
219200000,6.8
219203000,371.0
219207000,391.0
219209000,324.6
219222000,290.5
219250000,198.4
219256000,91.3
219262000,65.2
219298000,12.5
219309000,11.6
219340000,8.3
219370000,375.0
219384000,27.3
219385000,509.2
219417000,10.0
219421000,174.0
219423000,13.6
219435000,29.4
219437000,136.2
219448000,13.8
219543000,163.7
219554000,295.6
219558000,142.3
219560000,2.3
219578000,614.1
219581000,29.3
219592000,4.9
219609000,174.6
219620000,197.0
219699000,185.1
219705000,7.7
219775000,49.8
219787000,4.3
219794000,90.9
219814000,261.0
219825000,31.4
219829000,3.2
219904000,9.4
219927000,2.6
219956000,41.8
220000139,32.8
220018000,9.3
220038000,4.8
220043000,19.9
220051000,112.2
220072000,33.9
220076000,169.7
220079000,7.0
220099000,264.3
220192000,36.4
220204000,8.8
220235000,7.2
220251000,444.8
220253000,166.2
220307000,36.6
220339000,16.6
220345000,19.3
220352000,10.4
220432000,3.5
220434000,380.8
220435000,252.3
220466000,424.9
220474000,274.9
220476000,479.8
220622000,4.2
220624000,319.3
220625000,379.4
220634000,226.2
220636000,121.9
224376000,42.2
224983000,168.1
225988520,4.0
225994962,35.5
226014880,10.5
226999999,29.6
227178580,5.0
227743230,48.6
227939430,39.1
227962030,36.7
227998600,5.3
228000000,148.7
228467900,268.1
228468600,247.8
228468700,33.4
228468800,250.8
228492700,215.7
228492800,262.3
228492900,328.5
228750000,10.8
229015000,22.0
229027000,378.3
229090000,149.8
229137000,466.0
229191000,3.4
229213000,285.6
229273000,29.8
229344000,2.2
229437000,2.0
229453000,2.8
229455000,4.8
229630000,3.0
229651000,5.5
229732000,329.9
229767000,284.0
229902000,182.3
229941000,295.7
229964000,256.9
230006000,4.8
230011000,172.5
230013180,90.3
230015000,65.1
230025540,2.8
230029960,20.9
230039000,2.0
230042000,4.7
230048000,252.3
230064250,20.3
230069180,54.1
230082780,55.2
230085710,286.8
230085750,315.4
230091950,2.8
230093740,74.5
230095380,30.4
230108270,292.9
230173130,89.1
230179120,339.6
230204000,90.2
230336000,24.7
230350000,40.7
230351000,2.9
230352000,9.2
230617000,16.5
230618000,12.6
230631000,8.6
230643000,2.3
230645000,48.0
230652000,254.5
230662000,245.7
230663000,281.4
230666000,198.5
230670000,326.8
230683000,276.8
230687000,137.6
230688000,246.6
230691000,247.0
230693000,10.8
230694000,203.9
230695000,309.2
230696000,537.5
230697000,200.3
230698000,298.8
230714000,4.0
230715000,78.0
230717000,317.2
230719000,261.0
230723000,131.4
230724000,215.1
230927000,7.0
230935000,267.9
230941700,258.8
230942970,287.3
230982000,351.4
230987000,223.3
231023000,293.1
231025000,5.0
231048000,150.9
231068000,281.8
231075000,2.2
231234000,4.9
231701000,72.7
231766000,67.9
231789000,180.5
231801000,32.8
231815000,272.0
231847000,4.8
231873000,250.3
231884000,251.9
231894000,3.0
231898000,262.9
231917000,2.8
231920000,359.6
232003472,120.1
232003652,26.4
232008090,44.2
232012490,249.8
232013165,184.2
232013230,166.7
232016351,9.9
232025009,2.3
232028663,33.5
232031536,11.3
232032365,25.3
232032735,222.8
232033026,301.8
232033027,216.7
232042483,47.1
232046824,30.3
232046826,64.5
232047453,253.9
232049178,306.2
232050936,66.6
232053513,161.3
232053515,151.1
232054319,128.0
232054955,294.4
232055837,257.1
232056058,264.4
232056735,191.7
232059393,141.4
232059806,13.7
232061419,14.0
235002520,291.9
235008205,80.8
235010480,10.5
235023969,12.1
235035925,34.9
235050683,23.4
235055038,10.8
235059487,252.3
235060303,2.1
235060914,268.4
235068214,3.3
235074917,6.7
235082392,8.5
235091254,405.7
235095776,10.9
235095836,49.7
235103032,8.4
235103408,210.2
235104739,252.4
235108458,271.4
235108528,75.1
235108531,131.9
235108534,29.9
235108711,383.0
235112981,4.9
235116577,3.5
235116828,169.2
235116836,169.2
235117234,272.6
235437000,8.3
235500000,238.8
235505000,20.2
235572000,257.0
236108000,192.0
236111925,344.6
236112491,2.1
236112603,206.5
236283000,296.7
236297000,2.0
236306000,13.0
236385000,9.9
236407000,930.6
236481000,28.9
236509000,320.6
236586000,34.2
236668000,50.3
236673000,244.6
236701000,292.6
236744000,395.1
236749000,63.5
236751000,30.8
238005436,3.5
238252000,345.6
238295000,30.7
238296000,13.3
240447000,225.0
240633000,58.9
240657000,235.4
240893000,51.5
241143000,5.0
241155000,280.7
241166000,237.8
241190000,308.1
241229000,338.6
241281000,20.8
241326000,1041.9
241408000,263.6
241422000,158.5
241454000,88.3
241466000,6.0
241631000,198.7
241689000,2.8
241693000,9.2
241734000,304.8
241746000,290.5
241747000,21.6
241760000,201.9
241798000,392.8
241849000,171.9
241869000,182.3
241874000,240.6
241875000,265.0
241931000,214.7
244003000,392.7
244004916,405.4
244006000,181.2
244010100,20.4
244010157,6.8
244010182,146.0
244010374,66.3
244010869,3.9
244010873,40.8
244015024,5.7
244016000,40.3
244020501,92.0
244020613,27.1
244020808,8.2
244024000,6.0
244026201,58.4
244030448,51.3
244030627,7.4
244036000,293.2
244040992,25.9
244050240,2.0
244050348,13.3
244054000,41.1
244058000,297.4
244059000,258.8
244060083,359.2
244060249,31.3
244060388,75.5
244060662,2.3
244060756,82.9
244063000,289.8
244078228,8.4
244090107,40.2
244090248,84.7
244095541,57.7
244100143,125.8
244100251,299.1
244106000,248.9
244109000,8.7
244110226,4.4
244110824,218.3
244110938,226.7
244110991,23.4
244120000,10.3
244121000,33.1
244130233,63.4
244130525,2.3
244130641,265.6
244130689,17.4
244130690,23.0
244130879,5.1
244140000,51.1
244140321,50.5
244140468,241.5
244142000,335.8
244150212,236.4
244150516,176.8
244153291,24.9
244153490,56.9
244170000,31.0
244181000,168.9
244184286,83.1
244201000,6.5
244210861,105.7
244238000,210.9
244260006,33.1
244267000,255.8
244270640,23.1
244279000,3.0
244297000,340.2
244301000,200.0
244306000,7.7
244308000,274.5
244321000,261.1
244338000,3.5
244367000,62.1
244436000,325.3
244457000,84.3
244482000,237.3
244519000,2.2
244536000,99.0
244554000,555.2
244557535,23.6
244562000,212.0
244565000,369.7
244575000,269.7
244584000,219.9
244590000,320.7
244613000,297.2
244615184,199.6
244620050,86.3
244620052,31.1
244620141,2.6
244630415,341.3
244630458,3.1
244637000,243.0
244642000,272.2
244643000,182.0
244645000,176.4
244650331,39.4
244650648,14.0
244660448,4.5
244662000,59.1
244670726,41.0
244675000,417.0
244677000,108.7
244678000,225.6
244690888,4.1
244690951,106.9
244693000,33.1
244700336,211.3
244703000,336.5
244710893,6.6
244730320,23.2
244730468,194.3
244730469,289.7
244730944,20.7
244740007,9.1
244742000,225.4
244750206,16.2
244750397,229.4
244750806,11.9
244750825,10.3
244770069,107.2
244770393,175.4
244770997,297.8
244772000,60.4
244780000,315.2
244780250,235.7
244780424,232.6
244780569,254.2
244781000,248.7
244790047,386.3
244790055,108.1
244790466,40.0
244790607,8.8
244790608,295.5
244790685,247.3
244790715,66.2
244810209,345.1
244810617,351.8
244810730,325.5
244810815,17.5
244813000,297.5
244820055,78.0
244820165,32.9
244820832,13.7
244820843,7.3
244828000,16.4
244830098,391.8
244830668,190.3
244830818,219.7
244830834,250.7
244847000,4.4
244850075,5.3
244850087,49.2
244850116,309.7
244850553,81.5
244850744,4.6
244850765,6.4
244850832,50.2
244850900,25.0
244850968,3.4
244850970,9.5
244855000,16.0
244860403,99.7
244860468,33.2
244870000,3.0
244870327,11.4
244870427,328.7
244870430,4.9
244870673,201.0
244870674,342.9
244870852,49.1
244874000,343.3
244890901,303.9
244900091,3.7
244901000,3.2
244909000,130.2
244912000,13.5
244944000,50.7
244956000,179.9
244985315,8.9
244995000,244.9
244997000,9.9
245046000,252.5
245058000,10.8
245086000,590.0
245088000,11.7
245097000,3.9
245115000,5.0
245122000,50.9
245147000,5.1
245169000,24.7
245170000,289.0
245179000,29.2
245180000,278.0
245190000,3.9
245223000,113.3
245226000,38.8
245237000,55.9
245246000,6.4
245256000,122.5
245258000,11.4
245267000,4.1
245278000,7.1
245279000,300.2
245286000,8.1
245296000,279.0
245297000,52.3
245299000,16.7
245301000,27.4
245302000,337.9
245306000,20.7
245313000,20.6
245315000,317.4
245347000,90.2
245397000,194.3
245399000,52.0
245405000,4.0
245439000,1077.6
245451000,3.8
245465000,24.3
245466000,356.4
245491000,50.3
245496000,177.3
245503000,170.7
245525000,9.9
245543000,64.5
245546000,98.6
245547000,88.6
245568000,104.1
245601000,9.5
245634000,314.5
245639000,9.2
245656000,3.7
245663000,12.1
245693000,128.5
245732000,113.1
245806000,16.3
245852000,125.4
245877000,3.4
245897000,23.4
245898000,87.5
245901000,405.6
245909000,18.7
245943000,238.5
245953000,262.1
246000000,302.4
246058000,472.2
246061000,431.3
246064000,363.4
246085000,487.4
246090000,227.9
246100000,279.2
246110000,348.7
246125000,8.8
246134000,8.6
246141000,12.3
246179000,2.3
246240000,288.2
246253000,2.2
246257000,3.0
246262000,6.4
246265000,249.5
246278000,2.4
246279000,45.6
246293000,211.2
246302000,108.4
246324000,416.8
246346000,213.0
246352000,84.6
246371000,243.7
246384000,56.9
246394000,28.2
246396000,82.0
246403000,3.9
246440000,65.3
246441000,4.1
246443000,2.0
246447000,207.1
246456000,217.8
246466000,187.5
246479000,418.7
246499000,306.4
246518000,50.7
246519000,48.2
246521000,52.0
246524000,326.2
246535000,220.4
246539000,15.7
246541000,339.6
246542000,418.1
246544000,4.3
246545000,12.5
246546000,2.4
246553000,129.6
246554000,6.8
246555000,7.9
246571000,26.5
246594000,9.2
246598000,253.6
246602000,255.3
246606000,174.3
246607000,49.3
246625000,5.8
246634000,274.7
246639000,2.3
246645000,7.7
246649000,234.3
246650000,5.2
246655000,400.1
246661000,50.1
246666000,33.9
246667000,307.1
246668000,217.4
246669000,3.3
246670000,277.8
246684000,258.4
246716000,30.9
246719000,213.7
246724000,237.1
246733000,328.3
246754000,258.4
246757000,62.5
246767000,286.6
246782000,171.1
246788000,1087.8
246797000,326.8
246798000,255.9
246806000,221.0
246812000,168.3
246822000,220.8
246823000,142.8
246824000,45.2
246827000,114.7
246830000,256.8
246837000,348.3
246838000,302.8
246843000,524.4
246845000,12.5
246846000,261.2
246854000,12.2
246855000,3.2
246867000,284.4
246872000,144.7
246873000,486.7
246877000,177.8
246878000,192.2
246883000,206.6
246900000,416.7
246910000,175.5
246924000,128.1
246925000,178.3
246946000,48.9
246996000,253.6
247153600,32.9
247187700,157.3
247194760,134.7
247266600,204.0
247271400,254.2
247278400,291.9
247278500,319.1
247302900,17.1
247312900,130.1
247343200,47.7
247389200,3.2
247415300,9.2
247433300,2.5
247451700,2.3
247489200,302.6
248020000,208.3
248022000,11.0
248024000,328.7
248056000,4.0
248058000,237.4
248124000,282.6
248132000,280.9
248146000,350.0
248180000,250.2
248219000,304.4
248221000,2.1
248275000,19.5
248285000,259.1
248288000,91.9
248295000,99.2
248296000,231.3
248315000,270.2
248359000,271.6
248363000,3.8
248403000,37.0
248409000,347.1
248417000,328.1
248439000,447.1
248531000,275.0
248533000,243.9
248713000,116.1
248789000,27.0
248828000,152.2
248886000,22.6
248891000,21.0
248897000,404.1
248941000,351.4
248971000,195.8
248985000,290.0
249007000,9.6
249016000,265.7
249084000,478.1
249100000,223.2
249120000,210.7
249145000,2.2
249167000,3.4
249187000,276.0
249222000,159.2
249223000,270.8
249224000,68.6
249225000,237.0
249258000,273.6
249293000,4.1
249302000,260.7
249362000,60.6
249387000,30.2
249397000,397.1
249403000,217.4
249431000,22.9
249471000,29.8
249498000,141.6
249517000,72.5
249537000,40.6
249596000,250.7
249711000,4.0
249803000,250.2
249804000,10.3
249810000,30.7
249814000,21.5
249848000,249.6
249849000,68.7
249857000,24.6
249874000,8.5
249901000,132.8
249905000,181.2
249948000,305.4
249960000,292.1
249987000,264.1
250002434,25.8
250002821,92.1
250002887,73.2
250002903,25.9
250004424,33.0
250005692,389.2
250006456,235.3
250014194,224.7
251846670,2.2
253000025,213.5
253000150,153.4
253082000,7.7
253361000,2.4
253371000,20.9
253383000,4.1
253447000,5.8
253477000,109.3
253641000,7.1
253678000,10.5
253743000,6.9
253747000,4.8
255601240,267.2
255619000,254.2
255705000,9.8
255714000,49.8
255724000,219.8
255735000,56.8
255768000,4.7
255801280,362.1
255802540,275.3
255802840,2.4
255802860,286.0
255802870,254.1
255802940,318.2
255802950,149.2
255803560,2.7
255804280,5.0
255804460,195.8
255804570,3.5
255804970,51.4
255805340,29.9
255805470,51.6
255805557,232.5
255805561,433.9
255805577,297.2
255805586,273.1
255805594,315.8
255805640,462.1
255805653,294.9
255805765,215.8
255805774,244.2
255805829,457.5
255805842,267.7
255805881,259.6
255805882,127.7
255805884,238.7
255805899,240.4
255805906,3.6
255805917,84.3
255805951,257.2
255805954,231.0
255805955,2.6
255805988,232.8
255806016,202.6
255806060,4.0
255806139,271.5
255806146,134.0
255806148,278.4
255806151,30.0
255806169,2.0
255806188,252.6
255806191,286.0
255806192,4.8
255806196,408.7
255806204,20.6
255806224,103.1
255806226,401.8
255806230,77.7
255806244,6.5
255806246,286.8
255806247,328.4
255806249,2.2
255806258,3.1
255806300,47.4
255806303,24.0
255806306,167.7
255806328,31.7
255806329,37.1
255806359,50.8
255806364,107.8
255806367,8.9
255806368,10.4
255806370,399.3
255806384,314.5
255806387,106.3
255806390,15.5
255806404,29.0
255806433,334.9
255806436,278.8
255806438,261.4
255806440,4.9
255806441,291.6
255806443,369.3
255806444,74.0
255806446,5.9
255806451,40.0
255806452,56.1
255806462,193.5
255806464,242.0
255806465,168.0
255806468,294.2
255806469,251.4
255806476,260.5
255806478,248.1
255806484,3.5
255806505,6.9
255806513,2.1
255806519,2.8
255812000,168.2
255814000,6.0
255815000,234.3
255845000,26.2
255854000,20.3
255861000,62.2
255871000,296.6
255891000,37.3
255893000,223.3
255915581,33.1
255915583,5.0
255915584,77.5
255915598,203.5
255915599,290.7
255915614,182.7
255915625,212.6
255915667,29.8
255915668,240.1
255915677,330.4
255915683,191.8
255915691,287.5
255915734,28.5
255915748,319.4
255915749,187.6
255915769,388.7
255915790,24.4
255915833,88.7
255915898,31.6
255915916,186.0
255915953,29.4
255915954,11.2
255915955,7.6
255915960,237.6
255915968,2.1
255915969,115.7
255915970,185.8
255915971,298.5
255915973,327.4
255915978,248.6
255915983,7.0
255915986,262.2
255915987,376.3
255916021,285.8
255916023,321.6
255916042,263.0
255916047,204.8
255916048,371.1
255916050,492.7
255916065,268.1
255916084,156.1
255916091,389.6
255916179,433.4
255916226,11.2
255916284,191.8
255916285,316.0
255916486,2.4
255916546,302.0
255916582,347.6
255916591,116.5
255917229,384.7
255917235,7.3
255917287,277.8
255924000,5.6
255946000,159.7
255954000,193.4
255972000,9.8
256013000,4.4
256114000,346.3
256130000,255.9
256212000,266.7
256240000,313.1
256259000,226.9
256334000,42.1
256336000,255.3
256338000,261.6
256339000,302.5
256346000,2.2
256371000,213.1
256372000,10.5
256380000,63.4
256421000,279.7
256440000,2.2
256553000,329.8
256603000,213.4
256610000,2.1
256632000,6.5
256697000,231.3
256702000,4.1
256708000,4.3
256750000,3.3
256765000,756.8
256793000,9.6
256794000,377.7
256831000,2.0
256883000,296.8
256903000,344.7
256925000,5.0
256956000,284.7
256989000,342.3
257001180,52.5
257016000,469.1
257022290,61.4
257025920,12.1
257030140,147.7
257031080,254.5
257033750,366.9
257035870,30.4
257036210,169.4
257039490,276.5
257060500,11.0
257064430,3.6
257071620,284.4
257071710,140.9
257086660,338.7
257087080,342.5
257089650,2.8
257090730,149.9
257094000,255.7
257111870,9.3
257112820,27.8
257123900,6.9
257130860,5.3
257136000,56.3
257177000,31.9
257182800,101.1
257203000,51.1
257206000,209.9
257232000,212.3
257271000,4.7
257276000,222.0
257306000,24.2
257312000,40.8
257339000,51.3
257358000,35.6
257364000,11.2
257374000,2.3
257405000,448.8
257501010,32.0
257520000,243.4
257526480,2.6
257540000,30.8
257546000,323.8
257548000,340.5
257550190,5.0
257561000,6.4
257601000,208.6
257608500,16.4
257643000,353.0
257657650,4.4
257669000,140.1
257673000,13.1
257688900,4.7
257689000,290.9
257708000,293.9
257730000,2.4
257755000,323.5
257759000,89.4
257765000,11.1
257768000,67.2
257782000,305.3
257836000,390.5
257840000,292.2
257859000,302.2
257884000,141.9
257896000,100.2
257900000,337.8
257901000,219.6
257911580,4.3
257918000,270.4
257941000,6.8
257942000,17.0
257951000,83.1
257970130,17.2
257998170,29.9
258023700,11.5
258024000,166.2
258035000,72.3
258065000,2.4
258094560,6.4
258107560,15.3
258112780,319.7
258114730,8.7
258117870,6.2
258127670,2.5
258138240,25.0
258142670,62.3
258152000,260.6
258184000,2.1
258195250,22.3
258200000,21.5
258216000,5.7
258220920,62.5
258276580,21.0
258648000,355.7
258761000,210.5
258789000,235.0
258812000,223.4
258858000,257.7
258873000,193.8
258897000,11.6
258996460,115.6
259024870,7.8
259117000,209.1
259143000,81.5
259319000,311.0
259360000,337.2
259372000,271.4
259401000,3.2
259495000,141.1
259547000,135.2
259701000,168.2
259936000,300.3
261000160,51.8
261000190,16.9
261000205,343.4
261000460,150.8
261000592,5.2
261000798,14.9
261000840,101.9
261000910,83.7
261001200,202.1
261001400,329.0
261001660,235.8
261001683,99.3
261001738,3.6
261001760,311.4
261001973,377.0
261002065,84.6
261002160,10.2
261002370,24.8
261002420,113.4
261002530,153.9
261002720,20.9
261002850,244.5
261003050,183.2
261003060,288.4
261003230,3.6
261003244,11.1
261003420,226.5
261003620,205.0
261003680,169.1
261003710,9.6
261003890,9.9
261004058,4.7
261004060,286.2
261004260,318.4
261004390,89.9
261004860,184.1
261005510,128.4
261006090,280.4
261006258,16.6
261006322,386.3
261006780,216.6
261006820,50.2
261007023,291.0
261008900,6.8
261010170,177.2
261010380,2.0
261010660,289.2
261010840,7.0
261010850,2.5
261011150,51.3
261012410,8.4
261012670,307.0
261013470,2.7
261018880,6.2
261020790,95.2
261021270,31.4
261024640,348.2
261024850,713.4
261027970,9.4
261028280,51.9
261029690,258.4
261029890,32.9
261030150,284.3
261031890,33.6
261036120,3.1
261036610,273.9
261037120,7.5
261037210,24.7
261037260,5.8
261037580,382.0
261044050,175.4
261053080,32.8
261061000,248.2
261092020,7.2
261099060,9.7
261100120,5.8
261139000,264.6
261148000,30.1
261182860,52.4
261184120,47.0
261184750,23.5
261185220,14.6
261186487,5.8
261188070,14.0
261203000,36.5
261208000,278.1
261221000,33.3
261246000,25.5
261275000,257.1
261334000,307.7
261355001,11.1
261379000,60.7
261464000,6.0
261497000,8.9
261506000,78.5
261526000,36.3
265001100,3.5
265002310,77.8
265003130,2.2
265005550,8.0
265005820,2.8
265006000,27.6
265006330,2.3
265007000,109.3
265008560,59.6
265009370,6.1
265014000,2.1
265014380,2.2
265015520,4.3
265016790,8.0
265016940,9.0
265017000,94.5
265018000,49.6
265018410,2.7
265018900,2.1
265022000,485.7
265022570,6.0
265024210,109.2
265024990,4.1
265025190,202.8
265025230,2.5
265026220,39.0
265028000,9.3
265034570,6.9
265034630,3.4
265036400,20.9
265038000,66.4
265039000,322.9
265040060,25.1
265042000,3.2
265042540,8.3
265044960,636.7
265045000,20.3
265045570,12.4
265045830,28.4
265047190,4.4
265048230,3.4
265051000,11.8
265053000,226.7
265056000,469.5
265057000,8.7
265057530,53.9
265058370,280.4
265058660,3.8
265058760,2.2
265058830,4.1
265062260,2.1
265068610,8.9
265069450,303.9
265069650,306.8
265170000,14.2
265226000,10.4
265291000,23.8
265390000,49.1
265411000,4.4
265412000,2.0
265413000,244.5
265463000,487.6
265500330,520.4
265500350,308.2
265500670,7.4
265500780,51.6
265501190,398.0
265503070,13.2
265504120,285.8
265504660,68.6
265504700,194.3
265506920,5.3
265507230,6.6
265507620,291.4
265509270,53.7
265509950,7.3
265511420,3.0
265513270,2.9
265513320,2.2
265514120,3.9
265514270,2.0
265514840,7.0
265516330,24.7
265516720,8.8
265517700,25.8
265519630,312.7
265519640,10.4
265521700,5.5
265522210,3.0
265522220,194.7
265523110,11.8
265523410,41.0
265524480,5.2
265524530,2.7
265527920,2.6
265528480,167.8
265529050,19.4
265529510,2.7
265529590,4.7
265530820,26.1
265534970,10.2
265535570,7.0
265538220,16.3
265547210,8.0
265547230,5.6
265547240,3.4
265547250,9.6
265547260,2.6
265547270,4.7
265549210,36.9
265549470,40.8
265559330,2.0
265560630,9.9
265568670,6.4
265569140,53.1
265571830,172.5
265572330,10.1
265575670,4.0
265576230,433.3
265576710,2.2
265578140,2.1
265580520,3.3
265581970,3.9
265582330,76.6
265585590,12.3
265586020,2.2
265586090,5.2
265588470,85.1
265590640,27.6
265595430,3.8
265596080,2.3
265597250,9.8
265600750,15.4
265601600,144.1
265603560,9.9
265604410,11.7
265604560,301.9
265604580,407.9
265608060,10.0
265610040,3.0
265610950,354.0
265611640,30.4
265612000,115.6
265617280,29.6
265620460,38.6
265621310,97.1
265622940,7.6
265622980,141.2
265624900,30.3
265627630,4.6
265630770,22.2
265630920,36.8
265632510,7.5
265638750,2.1
265642250,46.7
265644320,7.8
265644800,239.1
265646260,5.8
265647590,90.7
265648270,14.2
265648330,13.8
265650060,3.0
265650950,2.8
265650970,2.8
265656390,7.2
265657500,229.1
265663280,2.7
265663650,19.7
265664330,18.9
265666660,24.0
265667530,742.9
265667560,4.4
265668090,213.7
265669720,43.6
265669960,6.8
265670330,3.1
265671140,20.0
265671520,10.8
265674430,53.8
265675210,12.4
265675230,73.6
265675250,9.3
265675610,2.5
265675860,154.2
265678660,11.8
265680010,37.9
265686600,3.1
265686800,3.2
265688220,2.8
265689300,725.2
265692610,33.3
265693500,3.3
265694890,78.5
265695200,58.9
265698740,5.1
265699850,61.3
265700280,108.0
265700790,763.7
265701190,6.5
265703220,13.1
265704020,2.0
265713210,170.9
265713730,18.9
265715400,62.3
265717190,103.5
265721190,7.1
265721400,157.1
265721780,7.5
265724000,2.8
265724260,294.9
265724450,15.1
265725820,70.5
265726230,332.2
265728850,39.6
265732730,33.7
265732760,5.4
265732940,371.8
265736090,5.8
265737220,51.3
265738610,2.6
265739500,93.4
265740490,15.0
265741440,6.3
265741770,51.1
265741790,51.5
265745700,9.6
265749030,885.9
265750540,4.2
265751020,113.4
265751550,14.4
265752470,56.4
265754000,272.0
265756000,2.0
265757200,2.9
265757750,93.3
265757860,7.4
265757900,106.4
265760640,12.9
265760780,90.5
265762700,23.3
265764360,2.9
265765130,53.8
265765340,22.2
265766970,2.5
265767460,305.9
265767670,4.2
265767870,18.6
265767950,3.9
265768430,47.0
265768840,131.1
265771080,2.9
265771450,72.2
265772270,281.1
265775900,3.4
265780480,109.4
265780900,479.7
265781000,515.5
265781620,6.5
265781740,10.7
265782090,70.0
265783090,43.0
265783810,65.8
265785230,5.7
265785570,26.9
265787380,102.5
265787980,723.9
265789440,3.6
265793170,4.2
265793570,25.6
265794770,29.6
265795110,367.4
265795930,6.3
265796700,3.3
265797830,3.3
265798860,73.5
265799680,49.3
265801930,123.0
265802160,3.2
265802600,131.0
265803730,5.4
265803980,827.4
265805860,19.0
265808520,2.5
265808850,3.0
265811680,2.7
265812090,3.5
265812160,2.0
265812230,2.7
265812560,325.8
265813240,7.6
265813410,5.5
265814650,7.4
265828060,2.9
265828130,4.1
265828880,36.5
265831090,39.0
265833660,21.7
265834900,16.0
265859000,96.5
265866000,160.1
265871000,2.3
265874000,15.3
266008000,2.7
266009000,43.7
266033000,31.4
266036000,373.6
266045000,364.8
266050000,2.4
266052000,365.3
266053000,5.1
266064000,2.0
266066000,8.6
266076000,8.5
266095000,9.0
266145000,9.7
266152000,5.0
266163000,971.6
266166000,5.1
266201000,58.4
266203000,37.3
266212000,2.2
266220000,248.5
266232000,251.7
266239000,47.1
266245000,106.6
266247000,145.6
266262000,9.6
266266000,313.7
266280000,2.9
266285000,74.1
266286000,648.5
266286001,42.4
266288001,57.3
266288002,19.3
266324000,32.9
266332000,12.1
266365000,2.8
266367000,78.4
266381000,583.0
266394000,532.7
266413000,33.4
266416000,353.3
266426000,5.4
266437000,9.2
266454000,300.7
266459000,7.9
266465000,10.9
266466000,3.7
266468000,283.0
266472000,227.2
266473000,9.9
266475000,214.7
266476000,252.5
268235302,5.2
268238202,9.9
268240900,138.3
268241300,139.9
268248300,132.0
268249201,339.7
268251601,351.0
268259601,264.9
269104730,81.4
269106570,36.9
269109040,89.6
269114550,35.0
269309000,2.5
270931000,2.1
271002541,165.4
271042566,257.5
271042567,5.2
271042643,28.6
271051306,199.8
271051919,221.8
273210220,279.1
273210480,2.1
273210540,4.7
273212470,50.0
273214860,11.6
273215270,2.2
273217120,121.2
273240700,182.3
273250200,148.6
273256410,242.3
273257140,29.5
273258520,286.3
273268690,7.7
273278840,269.1
273290430,30.0
273292160,251.9
273292670,9.8
273293820,29.8
273294280,43.9
273298160,184.1
273298320,10.3
273298390,25.1
273313900,35.5
273323000,3.2
273325230,306.2
273354480,48.8
273355410,15.1
273356870,287.4
273358380,20.3
273394340,3.3
273411440,21.2
273412710,304.5
273414310,77.9
273417870,9.9
273421280,10.4
273424330,18.1
273425720,3.1
273427820,15.4
273432030,237.5
273450640,51.5
273453540,38.2
273459510,299.3
273529800,72.8
273534110,354.0
273544433,40.9
273611730,10.9
273611990,10.7
273892000,29.9
275472000,304.3
275491000,246.3
275504000,3.3
275507000,262.0
275510000,262.3
275513000,253.7
275514000,354.3
275517000,226.3
275519000,2.4
275528000,2.5
275539000,378.6
275540000,6.3
275541000,357.9
275546000,264.7
275551000,319.9
275557000,280.7
276012020,11.6
276425000,29.8
276462000,224.0
276825000,294.9
276869000,407.8
277154000,9.8
277199040,38.8
277228000,35.5
277291000,219.6
277339000,9.3
277408000,224.2
277466000,383.9
277504000,495.8
277573000,272.5
277584000,319.8
277586000,235.3
303870000,191.6
304010228,57.5
304010285,286.6
304010297,267.8
304010515,349.3
304010763,4.7
304011027,437.0
304030000,8.8
304045000,41.0
304047000,7.2
304050000,20.9
304081008,15.2
304095000,50.8
304108000,12.2
304134000,376.7
304145000,39.9
304146000,254.9
304159000,251.7
304176000,7.8
304199000,33.3
304217000,124.3
304225000,460.3
304244000,277.0
304323000,23.4
304334000,279.5
304339000,287.7
304342000,5.8
304343000,10.0
304345000,273.6
304364000,379.2
304367000,172.7
304369000,362.9
304374000,2.6
304474000,7.1
304577000,156.8
304585000,235.1
304599000,26.1
304612000,20.8
304616000,216.4
304625000,230.7
304627000,2.1
304633000,23.0
304677000,20.6
304688000,258.3
304690000,328.9
304713000,4.3
304932000,227.5
304933000,180.4
304936000,293.6
304957000,114.0
304964000,177.7
305005300,280.1
305030300,2.2
305036000,5.7
305042000,36.9
305057000,474.8
305069000,30.1
305097000,2.4
305119000,4.7
305155000,323.2
305162000,23.5
305164000,43.0
305166000,218.3
305167000,21.3
305175000,2.3
305190000,24.9
305201000,258.0
305238000,5.6
305242000,122.4
305277000,38.7
305284000,232.7
305286000,7.4
305287000,4.4
305299000,158.9
305313000,3.2
305370000,3.5
305373000,46.0
305391000,316.0
305414000,5.8
305425000,52.1
305426000,362.9
305446000,380.4
305468000,5.5
305493000,133.2
305497000,102.4
305507000,72.6
305530000,5.5
305573000,31.0
305612000,288.5
305620000,266.1
305633000,8.6
305641000,47.8
305649000,9.7
305653000,2.2
305654000,29.6
305661000,273.1
305665000,255.8
305666000,41.0
305681000,19.2
305719000,4.3
305733000,30.4
305741000,2.3
305748000,153.9
305773000,231.7
305793000,381.7
305794000,366.3
305804000,263.1
305821000,293.9
305836000,185.7
305853000,258.1
305856000,320.4
305874000,282.2
305919000,33.1
305922000,266.3
305961000,411.5
305967000,280.9
305981000,240.0
305982000,11.2
305983000,372.4
307026000,324.8
308090000,13.2
308218000,49.0
308851000,49.2
308871000,238.3
309368000,2.3
309701000,131.6
310556000,85.4
310850000,7.5
311000306,241.2
311000330,7.9
311000467,287.7
311000516,166.3
311000547,7.0
311000671,39.7
311000724,245.8
311000766,2.8
311000782,357.5
311000787,33.5
311000820,394.5
311000843,11.2
311000851,254.0
311000855,4.1
311000971,331.2
311000972,3.1
311001018,244.9
311001025,123.1
311001035,2.1
311001078,313.8
311001104,260.2
311001187,60.1
311001327,42.0
311001552,65.1
311001555,93.2
311001622,385.2
311001630,313.1
311001646,243.7
311001763,121.5
311001783,197.8
311001813,81.8
311001861,206.0
311015200,242.6
311018700,314.8
311038900,127.6
311050900,7.4
311055400,49.8
311062300,376.5
311062400,255.0
311064900,320.8
311087000,312.2
311513000,314.1
311818000,115.0
311852000,3.0
311855000,5.6
311996000,2.1
312281000,263.9
312786000,3.3
312869000,156.0
314001020,130.2
314001074,268.7
314001093,282.4
314001155,253.0
314036000,308.7
314083000,337.1
314182000,257.2
314237000,6.6
314398000,30.3
314438000,178.7
314463000,4.7
314471000,10.4
314473000,32.8
314474000,4.5
314512000,250.5
314537000,9.8
314544000,31.5
314546000,51.7
314548000,196.8
314549000,231.7
314553000,20.4
314572000,228.4
314582000,29.8
314583000,186.5
314600000,91.1
314602000,220.0
314604000,292.2
314605000,355.5
314606000,3.2
314608000,261.1
314620000,4.4
314629000,11.4
314634000,4.1
314635000,21.0
314645000,278.3
314655000,7.2
314672000,21.2
314715000,292.6
314721000,49.9
314740000,51.4
314750000,3.0
314781000,288.6
314783000,349.0
314822000,377.0
314869000,294.5
314883000,306.5
314884000,218.1
314885000,51.0
314898000,330.6
314922000,2.4
314927000,304.1
314981000,145.5
319113500,337.3
319130800,355.7
331478000,474.8
331563000,76.3
331569000,101.6
331999010,9.9
338058000,279.1
338936000,21.2
341092002,288.2
341299002,426.7
341412000,343.5
341472002,441.0
341652000,70.2
341810000,137.4
341821000,27.7
341832000,238.1
341853001,259.8
351047000,9.2
351184000,33.1
351201000,330.2
351236000,431.6
351354000,306.1
351359000,213.5
351773000,29.7
352001479,51.4
352001788,242.0
352001874,386.7
352001875,6.6
352001928,355.1
352002116,184.8
352002127,336.0
352002216,20.5
352002241,354.1
352002396,233.3
352002452,58.2
352002473,222.5
352002508,12.5
352002643,257.2
352002679,174.9
352002681,48.5
352002931,27.1
352003169,205.6
352003260,307.6
352003339,281.5
352003421,396.3
352003518,203.6
352003666,306.6
352003671,300.7
352003738,361.7
352003741,193.6
352003744,58.8
352003852,277.6
352003854,239.9
352003902,29.5
352003967,10.1
352004107,366.7
352004147,225.2
352004150,257.9
352004173,149.6
352004375,236.8
352004557,282.5
352004563,430.4
352004747,256.8
352004757,29.9
352004858,36.2
352004862,244.0
352004887,183.5
352004926,348.6
352005011,221.2
352005037,210.9
352005172,295.0
352005238,5.9
352005252,237.0
352005301,161.7
352005357,332.3
352005472,244.4
352005520,275.8
352005615,233.9
352005663,2.6
352005681,301.2
352005705,177.2
352005744,314.0
352005799,337.7
352006229,64.2
352006389,50.3
352006698,292.0
352146000,187.6
352179000,283.0
352211000,404.7
352246000,320.1
352428000,307.8
352821000,2.2
352898685,300.2
352898775,270.0
352898793,162.3
353084000,219.4
353321000,244.4
353674000,6.6
353767000,236.5
354056000,225.7
354536000,233.3
354537000,2.8
354540000,294.0
354701000,3.2
354711000,529.6
354782000,32.1
354977000,6.2
355077000,206.3
355286000,236.9
355390000,70.2
355444000,3.5
355931000,7.5
356037000,226.3
356151000,68.5
356300000,352.0
356301000,20.7
356467000,299.7
356639000,56.1
356972000,236.2
357330000,391.0
357437000,409.5
357887000,380.9
366479000,246.3
366599000,180.6
366750000,51.2
367524390,102.5
367625820,14.1
367734460,11.6
367852000,51.0
367862000,8.6
369977000,7.1
369978000,349.7
370126000,315.6
370314000,211.0
370341000,74.1
370603000,340.7
370618000,30.0
370648000,3.1
370731000,206.2
370856000,387.4
371089000,51.6
371179000,49.8
371313000,320.3
371360000,19.2
371458000,230.6
371473000,3.8
371950000,304.4
372002000,14.2
372078000,296.1
372172000,6.5
372427000,218.7
372609000,18.3
372616000,387.7
372818000,2.6
372837000,20.4
373069000,98.8
373240000,306.5
373299000,313.7
373312000,31.5
373440000,2.5
373516000,286.5
374007000,53.5
374045000,184.5
374092000,234.9
374130000,20.0
374134000,280.2
374152000,215.6
374395000,34.9
374495000,9.4
374588000,276.8
375056000,442.5
375282000,142.4
375354000,309.8
375378000,134.1
376205000,276.0
378407000,3.3
400000000,4.7
405000240,285.7
405000336,199.6
405000340,329.3
405000346,362.6
405000373,54.9
405000421,85.1
412914000,249.1
413494710,2.0
414593000,49.9
414637000,314.9
422000171,122.1
423519100,270.9
431048000,291.4
461000232,14.3
461000237,49.1
461000239,296.3
461000242,392.9
461000248,365.6
461000253,178.4
461000256,263.2
477043600,16.4
477103600,58.9
477103800,270.8
477105200,15.5
477123400,47.0
477142400,221.7
477150700,243.2
477151900,221.3
477195100,20.9
477195600,308.7
477293800,192.4
477552100,19.7
477625800,50.8
477628100,29.7
477696400,29.7
477766700,385.8
477792300,281.8
477859300,40.7
477871600,50.3
477885500,21.2
477890200,51.0
477895400,142.1
477895500,178.7
477940400,147.3
477979500,294.6
510647000,5.5
511100505,315.9
511101226,339.1
511101406,50.7
511101557,284.7
511101801,308.3
518998923,3.1
525121002,513.2
538002621,296.8
538003379,251.5
538003440,235.8
538003488,319.9
538003693,32.4
538003788,3.7
538003818,275.9
538003852,26.0
538003905,369.0
538003913,299.7
538004034,31.2
538004090,297.0
538004096,193.8
538004215,293.9
538004371,230.8
538004481,252.5
538004487,290.1
538005066,32.4
538005067,550.7
538005095,376.3
538005182,273.9
538005197,304.8
538005278,263.6
538005294,111.5
538005404,357.1
538005405,2.5
538005419,174.3
538005507,2.8
538005538,306.8
538005696,34.5
538005730,263.2
538005799,207.5
538005903,62.3
538006033,259.1
538006067,4.3
538006197,302.5
538006310,12.6
538006343,222.0
538006468,61.2
538006497,210.3
538006509,335.7
538006517,50.5
538006621,64.7
538006680,189.7
538006771,319.2
538006772,180.1
538006782,309.2
538006813,302.7
538006873,2.1
538006892,316.0
538006954,9.2
538007096,310.7
538007117,9.2
538007133,11.8
538007194,253.0
538007258,243.0
538007272,332.0
538007287,260.7
538007403,241.5
538007511,263.2
538007512,411.1
538007515,284.0
538007582,241.4
538007621,16.1
538007623,365.5
538007685,341.9
538007703,302.0
538007705,2.1
538007722,26.8
538007782,239.4
538007841,341.0
538007921,343.0
538007976,3.5
538008065,53.5
538008083,222.9
538008174,7.7
538008268,272.6
538008274,281.4
538008298,246.2
538008317,71.4
538008347,9.7
538008468,272.4
538008513,191.1
538008516,29.6
538008670,340.8
538008717,294.2
538008763,50.4
538008844,325.5
538009005,343.7
538009011,237.3
538009200,9.9
538009219,315.0
538009292,248.1
538009296,264.0
538009312,244.8
538009370,317.7
538009380,183.3
538009381,29.5
538009387,315.8
538009469,10.8
538009478,2.3
538009534,2.8
538009852,91.5
538009889,245.0
538009947,6.0
538009979,249.6
538009981,47.6
538010007,51.9
538010038,311.7
538010053,302.1
538010073,331.2
538010109,295.2
538010142,272.8
538010164,98.4
538010199,199.1
538010234,2.5
538010364,49.9
538010478,49.5
538010480,364.9
538010497,279.0
538010510,10.0
538010610,188.8
538010642,347.8
538010656,272.2
538010773,402.0
538010919,285.7
538010993,164.5
538011062,57.6
538011064,19.9
538011098,406.3
538011129,293.7
538011173,62.4
538011255,126.3
538011342,13.3
538011353,239.8
538011362,460.4
538011575,350.5
538011675,176.2
538011822,132.4
538011847,2.8
538011910,336.1
538011990,316.1
538012016,317.8
538012162,28.6
538012337,8.3
538012487,244.8
538012518,13.1
538070946,415.4
538090029,8.4
538090596,131.3
538090670,2.9
538090675,144.1
538090696,278.2
563020300,4.3
563032500,130.0
563074600,103.7
563076300,161.3
563078300,9.1
563104800,179.0
563105200,385.4
563167500,11.5
563173900,159.1
563185000,29.3
563193100,105.3
563195100,422.4
563231000,31.3
563249100,245.8
563256400,99.4
563288800,51.4
563315500,104.5
563316100,320.4
563468000,1282.5
563935000,235.4
564066000,49.8
564329000,21.1
565448000,4.1
566029000,97.8
566042000,6.4
566060000,247.2
566090000,281.9
566517000,295.6
566660000,234.3
566679000,46.4
566725000,471.4
566882000,144.1
566954000,126.0
566955000,65.3
574005080,3.4
574005510,9.8
574005750,131.2
576909000,2.1
577179000,3.9
586707366,10.4
603887000,284.6
613007100,263.4
613400212,273.6
613414090,214.1
613442740,477.8
613445620,181.9
613471602,130.1
613719802,308.0
620800018,326.9
620800094,463.0
620800103,217.2
620999138,251.8
620999841,245.0
620999845,2.3
620999859,284.6
620999995,260.4
629009500,199.3
636011282,75.9
636013113,281.7
636013411,105.3
636013645,40.5
636014069,342.7
636014506,809.1
636014927,166.6
636014971,401.3
636014972,232.2
636015007,261.3
636015094,157.9
636015104,21.4
636015171,32.1
636015357,7.2
636015406,12.5
636015548,39.3
636015594,4.8
636015790,309.0
636015891,160.0
636015946,290.1
636015986,230.9
636016069,219.2
636016149,268.4
636016303,126.2
636016363,35.7
636016364,350.1
636016402,3.6
636016416,326.3
636016421,451.3
636016431,51.0
636016434,64.3
636016450,2.1
636016683,336.2
636016699,304.4
636016826,74.1
636016999,287.9
636017036,324.2
636017074,248.7
636017143,275.3
636017229,164.6
636017264,8.9
636017321,280.3
636017335,269.2
636017570,3.3
636017582,317.9
636017656,46.5
636017797,212.1
636017923,107.9
636018051,10.7
636018204,101.5
636018206,406.5
636018250,179.8
636018322,272.8
636018343,9.0
636018365,173.5
636018385,143.6
636018490,241.1
636018491,2.9
636018579,169.6
636018658,276.4
636018743,2.6
636018753,200.4
636018760,257.2
636018830,216.5
636018923,413.1
636019055,304.5
636019119,83.6
636019176,2.2
636019201,7.9
636019207,155.8
636019341,57.1
636019392,245.5
636019411,57.5
636019599,285.0
636019661,57.2
636019704,3.7
636019763,3.3
636019839,2.4
636019884,14.3
636019890,51.3
636020117,310.0
636020188,2.4
636020231,258.1
636020328,243.6
636020344,270.1
636020366,21.1
636020445,15.5
636020467,130.2
636020532,5.3
636020533,35.9
636020540,4.4
636020805,382.4
636020868,3.0
636020981,328.2
636021003,276.0
636021006,221.2
636021035,12.2
636021061,139.4
636021080,271.3
636021090,21.0
636021129,48.9
636021202,303.2
636021274,41.9
636021310,237.0
636021311,133.4
636021344,230.2
636021551,4.4
636021569,5.0
636021584,33.0
636021604,25.4
636021622,82.7
636021630,32.9
636021665,32.7
636021667,112.3
636021680,322.3
636021717,64.2
636021767,346.7
636021798,30.0
636021809,31.2
636021830,9.8
636021850,295.3
636021924,86.6
636021998,7.4
636022138,185.4
636022161,274.4
636022179,15.2
636022293,29.7
636022343,176.3
636022405,301.8
636022433,342.0
636022441,11.1
636022443,24.3
636022448,215.1
636022466,104.2
636022482,244.7
636022597,274.5
636022640,261.9
636022706,299.4
636022721,78.4
636022723,340.2
636022764,276.8
636022800,288.6
636022824,377.5
636022838,282.3
636022858,69.5
636022865,30.0
636022898,32.9
636022919,9.4
636022945,18.1
636022951,352.3
636022986,252.8
636023140,135.4
636023164,251.2
636023222,347.2
636023238,263.8
636023247,10.1
636023265,95.8
636023285,323.3
636023296,347.6
636023334,314.6
636023518,2.4
636023572,350.2
636023677,50.3
636023680,31.8
636023759,314.8
636023837,265.1
636023846,2.2
636023850,329.1
636023942,14.6
636023947,214.7
636023962,51.8
636023979,33.3
636023981,25.5
636024016,65.3
636024028,68.2
636024103,30.8
636024232,387.8
636024234,33.1
636024238,246.1
636024243,123.2
636024374,138.5
636024380,324.7
636024432,319.9
636024483,2.2
636024670,251.5
636024678,280.9
636024691,445.4
636024735,2.1
636024844,223.6
636024859,261.3
636024884,15.3
636024932,284.6
636024953,334.2
636024955,251.6
636024970,406.1
636024999,72.8
636025035,315.9
636025057,243.5
636025065,121.9
636025108,292.7
636025120,310.5
636025194,276.2
636025205,238.4
636025354,236.2
636025461,70.9
636025568,275.5
636025635,116.2
636025672,322.2
636025818,2.9
636025912,34.6
636025948,30.8
636026140,28.4
636026291,32.6
636091784,103.9
636091995,105.4
636092155,31.4
636092297,30.1
636092314,230.0
636092635,132.6
636092744,419.4
636092817,57.3
636093060,317.6
636093065,317.8
636093085,189.4
636093091,310.9
636093200,281.9
636093201,318.7
636093236,8.5
636093259,324.4
636093288,276.0
636093318,75.6
636093331,286.3
636093340,180.8
636093348,328.9
636093369,51.8
636093385,75.4
636093395,9.7
655881000,263.5
667001223,262.9
667001237,324.5
667001251,62.2
667001259,7.1
667001270,236.1
667001287,253.7
667001359,327.7
667001645,138.4
667001997,308.1
667002004,255.3
667002072,334.9
667002260,342.7
667002270,287.9
667002271,2.9
667002314,302.0
667002335,30.6
667002346,278.0
667002349,298.6
667002589,44.0
668116219,404.4
668116372,263.5
777777777,2.3
777777778,2.0
877227562,2.1
877227601,42.0
887211010,18.8
887211016,17.9
887211018,52.4
887211021,15.8
887211031,14.4
887211032,32.6
887211034,12.9
887211035,11.4
887211040,33.3
887211041,4.2
887211044,46.0
887211056,23.9
887211481,9.8
887211659,3.5
887211669,12.8
887211683,20.9
887211693,18.4
887211882,27.6
887220155,25.3
887222148,6.3
887222266,4.3
887222284,19.7
887222287,2.6
887222300,31.6
887222376,18.4
887222383,12.1
887222393,54.6
887222396,8.1
887222399,25.5
887222407,8.9
887222414,21.8
887222415,25.6
887233253,21.7
912191373,5.8
918000123,12.8
918000125,2.8
918000127,272.2
918000187,10.6
970010055,12.2
970024949,19.7
970211669,15.0
970211693,3.1
970214477,4.1
970215123,2.0
970215284,10.5
970215318,18.7
970215320,20.9
970217906,17.1
970220502,24.4
970222145,8.7
970222298,21.7
970222396,26.1
970255243,30.4
972417242,449.5
972604817,7.6
972609605,2.1
982470081,2.6
982594901,5.0
